replication,scenario,arrivals,exits,initial_census,ending_census,mean_triage_wait_hours,mean_treatment_wait_hours,mean_wait_hours,p90_wait_hours,mean_time_in_system_hours,mean_queue,mean_occupancy,treatment_utilization,triage_utilization,reconciliation_error,record_type
0,baseline,91,97,14,8,0.006380299594729502,0.18092322056292923,0.18730352015765875,0.7394264386586826,3.644519105380447,0.7101925139311227,13.608390961114594,0.7739650759361467,0.25737861610256435,0,hypothetical_simulation_output
0,treatment_capacity_20,91,98,14,7,0.006380299594729502,0.0033571736354457656,0.009737473230175268,0.018955431511329834,3.466953058452964,0.03692125266441456,12.93896221593675,0.6193641865533603,0.25737861610256435,0,hypothetical_simulation_output
0,triage_capacity_3,91,97,14,8,0.0004125127771807591,0.18630854117413528,0.18672105395131602,0.7394264386586826,3.643936639174104,0.7079839962320733,13.587545002942568,0.7728002359065852,0.17158574406837623,0,hypothetical_simulation_output
0,boarding_duration_half,91,98,10,3,0.006380299594729502,0.054402684525964536,0.060782984120694036,0.15293679904903001,2.8808670252510757,0.2304688147909649,11.150014714680205,0.6502992917302569,0.25737861610256435,0,hypothetical_simulation_output
0,treatment_duration_minus20pct,91,95,10,6,0.006380299594729502,0.05083173353299993,0.05721203312772944,0.10777924557186225,3.1050482070169454,0.21692895894264078,11.41901294602871,0.6679579221800588,0.25737861610256435,0,hypothetical_simulation_output
0,capacity_12_sensitivity,91,96,44,39,0.006380299594729502,8.01363160077512,8.02001190036985,10.862805296879486,11.477227485592639,30.48891432189591,43.00367155410104,1.0,0.25737861610256435,0,hypothetical_simulation_output
0,treatment_duration_plus25pct,91,97,21,15,0.006380299594729502,0.8393601851408128,0.8457404847355423,2.4164762732339398,4.814680334125294,3.2691670295187953,17.91564891464103,0.8832327908073188,0.25737861610256435,0,hypothetical_simulation_output
0,boarding_duration_plus50pct,91,101,24,14,0.006380299594729502,0.6652569169354322,0.6716372165301617,1.9546762109715985,4.765984345845358,2.8642719631274844,17.928709673562597,0.9093550298893739,0.25737861610256435,0,hypothetical_simulation_output
0,arrival_multiplier_0.8,69,70,8,7,0.003771889598826347,0.1014906521805058,0.10526254177933216,0.3862600859592989,3.6745418166964394,0.30262980761557995,10.987847993111373,0.643302991489978,0.1961851608280719,0,hypothetical_simulation_output
0,arrival_multiplier_1.2,100,117,54,37,0.008046311289461983,3.9917034068245356,3.9997497181139976,6.165130704317005,7.452172567896396,22.09879101150422,38.66455562230018,1.0,0.2828823053979826,0,hypothetical_simulation_output
1,baseline,93,90,16,19,0.017550590475175633,1.14039998057356,1.1579505710487359,2.453724510240812,4.929822867870805,4.443794296616815,19.008273840830284,0.8792882955056823,0.24793340806127753,0,hypothetical_simulation_output
1,treatment_capacity_20,93,95,13,11,0.017550590475175633,0.07048966122054252,0.08804025169571815,0.2983997712637347,3.8599125485177876,0.34115597532090786,15.32436092399558,0.7243669066276058,0.24793340806127753,0,hypothetical_simulation_output
1,triage_capacity_3,93,89,16,20,0.0024302490783829167,1.1486437932196698,1.1510740422980528,2.4528100183505046,4.922946339120122,4.3989363754519895,18.964920062482374,0.8793823044317394,0.16528893870751837,0,hypothetical_simulation_output
1,boarding_duration_half,93,98,11,6,0.017550590475175633,0.08085315659885571,0.09840374707403135,0.3346418792393989,3.016430844149998,0.3813145199118715,12.200935301686755,0.7077346228532703,0.24793340806127753,0,hypothetical_simulation_output
1,treatment_duration_minus20pct,93,92,11,12,0.017550590475175633,0.3952135095170689,0.4127640999922445,0.9903238379886374,3.7973931433417634,1.5994608874699476,14.784917687943974,0.7930993740219668,0.24793340806127753,0,hypothetical_simulation_output
1,capacity_12_sensitivity,93,86,92,99,0.017550590475175633,23.169013081980417,23.18656367245559,26.7457565315597,26.95843596927766,75.64508699724729,88.14095381336985,1.0,0.24793340806127753,0,hypothetical_simulation_output
1,treatment_duration_plus25pct,93,89,31,35,0.017550590475175633,2.7016689455861136,2.7192195360612894,4.986854629684808,6.975145899724048,9.841203365359322,26.232405298416055,0.993458444808386,0.24793340806127753,0,hypothetical_simulation_output
1,boarding_duration_plus50pct,93,86,50,57,0.017550590475175633,8.236584732960875,8.254135323436053,11.537309033957769,12.879852820004226,28.94408195634273,45.43994877246529,1.0,0.24793340806127753,0,hypothetical_simulation_output
1,arrival_multiplier_0.8,82,80,14,16,0.004388644246571694,0.04383858927994415,0.04822723352651584,0.1626627375286776,3.3358499002488773,0.1647763812155958,10.812700866261126,0.6367646373778141,0.22984514350025323,0,hypothetical_simulation_output
1,arrival_multiplier_1.2,119,110,81,90,0.023906962022577943,13.533302090881389,13.55720905290397,16.34998317324454,17.143410400748646,61.1431551276705,77.83114248537795,1.0,0.34399367885373583,0,hypothetical_simulation_output
2,baseline,95,88,13,20,0.005831512837240301,0.3023805837437743,0.30821209658101456,0.7981764988764102,4.0732460975324765,1.0936473880546913,15.166911777705232,0.8486785419671573,0.24720385908801332,0,hypothetical_simulation_output
2,treatment_capacity_20,95,86,11,20,0.005831512837240301,0.0,0.005831512837240301,0.011270804757663228,3.7708655137887006,0.023083071647409525,14.25688512597693,0.6869697168076747,0.24720385908801332,0,hypothetical_simulation_output
2,triage_capacity_3,95,87,13,21,0.00028475951538846285,0.2945681739193279,0.29485293343471636,0.7636996566758287,4.059886934386178,1.0481644012193339,15.1306123183835,0.8492525124367586,0.1648025727253422,0,hypothetical_simulation_output
2,boarding_duration_half,95,87,9,17,0.005831512837240301,0.01642902012425763,0.022260532961497933,0.04856764806209527,3.053115818458166,0.08137066765782326,11.604587481860932,0.6893005685016925,0.24720385908801332,0,hypothetical_simulation_output
2,treatment_duration_minus20pct,95,88,11,18,0.005831512837240301,0.034716093321889886,0.04054760615913019,0.13277796129003155,3.3712268935995313,0.1503315192661828,12.756910820666883,0.7570107239515421,0.24720385908801332,0,hypothetical_simulation_output
2,capacity_12_sensitivity,95,83,53,65,0.005831512837240301,11.322615665889838,11.328447178727076,14.352613108880133,15.093481179678532,36.77479374152397,49.26920145969999,1.0,0.24720385908801332,0,hypothetical_simulation_output
2,treatment_duration_plus25pct,95,89,22,28,0.005831512837240301,1.3330136677238364,1.3388451805610768,2.6442806616847863,5.646822573401362,4.449914704944149,19.966022816785443,0.9388562746040793,0.24720385908801332,0,hypothetical_simulation_output
2,boarding_duration_plus50pct,95,84,20,31,0.005831512837240301,1.7660794593551519,1.7719109721923922,3.607682786676886,6.271123688598647,5.670170419411008,21.519096072601158,0.9596573709383828,0.24720385908801332,0,hypothetical_simulation_output
2,arrival_multiplier_0.8,73,73,6,6,0.003993726412684188,0.0006198059201968958,0.004613532332881084,0.0,3.027939547042134,0.014032827512513299,9.918822549913184,0.5948871826699913,0.19329739984040492,0,hypothetical_simulation_output
2,arrival_multiplier_1.2,99,94,75,80,0.013163481581199336,13.71890212651676,13.73206560809796,14.82637618573312,17.146080629805073,57.107444560797866,73.66019225910976,1.0,0.2763738491559356,0,hypothetical_simulation_output
3,baseline,89,85,15,19,0.0027719611703411902,0.3025244585452921,0.3052964197156333,0.8206280371017783,3.822503306217265,1.080981971800938,13.994491042791445,0.7754203840423964,0.25339146315608235,0,hypothetical_simulation_output
3,treatment_capacity_20,89,87,15,17,0.0027719611703411902,0.005991576840733997,0.008763538011075187,0.02043376625909447,3.5259704245127073,0.03249812012440382,13.277987582496737,0.6369353268030086,0.25339146315608235,0,hypothetical_simulation_output
3,triage_capacity_3,89,85,15,19,0.0,0.2990176976861772,0.2990176976861772,0.8258648115265543,3.816224584187809,1.0567452515747036,13.967761178813001,0.7752645625578835,0.16892764210405492,0,hypothetical_simulation_output
3,boarding_duration_half,89,86,12,15,0.0027719611703411902,0.022893929692596234,0.025665890862937427,0.04158965958509961,2.9099834344660938,0.09517767861672628,10.96386594767541,0.6476190839216576,0.25339146315608235,0,hypothetical_simulation_output
3,treatment_duration_minus20pct,89,87,13,15,0.0027719611703411902,0.07105651287830571,0.0738284740486469,0.3840735332602265,3.1680818332891,0.2737805912637323,11.788355666510249,0.687987009308397,0.25339146315608235,0,hypothetical_simulation_output
3,capacity_12_sensitivity,89,84,58,63,0.0027719611703411902,9.964750783058372,9.967522744228715,12.290058720102383,13.484729630730346,32.58829845509704,45.095081381409194,1.0,0.25339146315608235,0,hypothetical_simulation_output
3,treatment_duration_plus25pct,89,78,16,27,0.0027719611703411902,1.0503094467490446,1.0530814079193858,2.4737218465401556,5.09898020349749,3.2410171414675255,17.268168318658766,0.8450230156799421,0.25339146315608235,0,hypothetical_simulation_output
3,boarding_duration_plus50pct,89,74,17,32,0.0027719611703411902,1.5641132266047393,1.5668851877750805,3.1308907560337618,5.716981417175186,4.740866768982787,18.80484656605509,0.8473248044225089,0.25339146315608235,0,hypothetical_simulation_output
3,arrival_multiplier_0.8,73,73,13,13,0.0017871592678391588,0.004943809570295032,0.006730968838134191,0.0,3.5417530489569553,0.02047336354932483,10.814364591488811,0.6489961894054047,0.20497609872650577,0,hypothetical_simulation_output
3,arrival_multiplier_1.2,133,119,47,61,0.008242324989886373,7.067949447084496,7.076191772074383,8.510192749145114,10.231235040057445,36.34760307160651,53.073105727702114,1.0,0.362751328047804,0,hypothetical_simulation_output
4,baseline,111,98,16,29,0.008986306735319683,1.2291008053332115,1.2380871120685313,2.9101446911792834,4.670178853272258,4.851040261784234,18.14162450584065,0.791568083153617,0.31274745679927146,0,hypothetical_simulation_output
4,treatment_capacity_20,111,103,12,20,0.008986306735319683,0.11283706146297173,0.12182336819829141,0.48909253475798664,3.5539151094020185,0.5634330779170978,15.128136478545562,0.6969604243514961,0.31274745679927146,0,hypothetical_simulation_output
4,triage_capacity_3,111,99,16,28,0.0006136887776847801,1.2353216149496027,1.2359353037272875,2.9101446911792834,4.668027044931017,4.845289771952474,18.1268949398101,0.7910068908911928,0.20849830453284765,0,hypothetical_simulation_output
4,boarding_duration_half,111,106,7,12,0.008986306735319683,0.13423634928016723,0.14322265601548692,0.4256341624623019,2.900202276645062,0.6624047840716271,12.706671746730256,0.7136732530662554,0.31274745679927146,0,hypothetical_simulation_output
4,treatment_duration_minus20pct,111,102,12,21,0.008986306735319683,0.43563584070035216,0.4446221474356718,1.2014753334570116,3.4873888173244683,1.9410775081643028,14.305487377375513,0.7336821847257916,0.31274745679927146,0,hypothetical_simulation_output
4,capacity_12_sensitivity,111,97,86,100,0.008986306735319683,19.047620453459636,19.05660676019496,23.74051041709444,22.488698501398684,72.89734302170648,85.52283793530505,1.0,0.31274745679927146,0,hypothetical_simulation_output
4,treatment_duration_plus25pct,111,96,21,36,0.008986306735319683,2.3477069007734253,2.3566932075087452,5.3143357612648,6.275441287856137,8.416869294085165,23.118014752482026,0.879728159049895,0.31274745679927146,0,hypothetical_simulation_output
4,boarding_duration_plus50pct,111,103,33,41,0.008986306735319683,2.8657523434105454,2.8747386501458645,6.34250314574723,6.981942511923743,10.920684832891013,27.054749630194806,0.9692856177315781,0.31274745679927146,0,hypothetical_simulation_output
4,arrival_multiplier_0.8,68,66,9,11,0.003663061663999238,0.0,0.003663061663999238,0.0,3.327531051383066,0.010378674714664507,8.96685760799844,0.5372359734313731,0.18035167919090314,0,hypothetical_simulation_output
4,arrival_multiplier_1.2,95,99,18,14,0.010525525614944423,0.8210286514105821,0.8315541770255266,1.6568915742878745,4.132012385990977,3.301480470653684,17.449693634624992,0.8522617340161457,0.25601270985649016,0,hypothetical_simulation_output
5,baseline,90,78,20,32,0.012797289261038713,2.157370403200807,2.170167692461846,4.0770084331968235,6.5123304136927445,7.058457497710701,21.05007058279356,0.8437130270456253,0.24610232617642738,0,hypothetical_simulation_output
5,treatment_capacity_20,90,85,13,18,0.012797289261038713,0.4334933813734207,0.44629067063445943,1.1945211584084376,4.788453391865358,1.6735900148792229,17.046809445984657,0.7440507389376294,0.24610232617642738,0,hypothetical_simulation_output
5,triage_capacity_3,90,77,20,33,0.0024801894878483683,2.153089279432427,2.1555694689202753,4.0876875258932195,6.497732190151174,7.036348102325345,21.032310115333388,0.8439848350409495,0.1640682174509516,0,hypothetical_simulation_output
5,boarding_duration_half,90,87,11,14,0.012797289261038713,0.4981373934900972,0.510934682751136,1.3354580911141096,3.9618618418459017,1.9160050603167598,14.321053143376439,0.7445527144191769,0.24610232617642738,0,hypothetical_simulation_output
5,treatment_duration_minus20pct,90,78,10,22,0.012797289261038713,1.1337833165546607,1.1465806058156993,2.2766068326757507,5.00314648115102,4.151175395213641,17.167003604780728,0.7827264723258894,0.24610232617642738,0,hypothetical_simulation_output
5,capacity_12_sensitivity,90,87,121,124,0.012797289261038713,32.10405184274811,32.11684913200915,36.584183590902825,36.45901185324005,104.72963366715521,117.22183831950805,1.0,0.24610232617642738,0,hypothetical_simulation_output
5,treatment_duration_plus25pct,90,88,40,42,0.012797289261038713,4.6672057026727565,4.6800029919337955,7.709504153361435,9.629161770534164,15.704339503587365,32.19654415594022,1.0,0.24610232617642738,0,hypothetical_simulation_output
5,boarding_duration_plus50pct,90,91,67,66,0.012797289261038713,11.777559293262893,11.79035658252393,15.7373751791739,17.02375486589096,39.76372812366328,56.255932776016124,1.0,0.24610232617642738,0,hypothetical_simulation_output
5,arrival_multiplier_0.8,78,81,14,11,0.007548074014581429,1.0841367423599568,1.091684816374538,2.7635504584101285,5.066957694588771,3.547975653217249,16.81645207045337,0.80371386441866,0.20452729326877991,0,hypothetical_simulation_output
5,arrival_multiplier_1.2,124,121,54,57,0.013585795074727418,6.279502976176619,6.293088771251346,8.324735401141089,9.795681437587554,30.511336217081563,47.22146864896802,1.0,0.35506621594322735,0,hypothetical_simulation_output
6,baseline,94,108,29,15,0.004850812415828263,0.5974477741244607,0.6022985865402889,1.479883924697586,4.241644050586521,2.8948526785945057,18.373534851337585,0.9340603181795926,0.2668585409347995,0,hypothetical_simulation_output
6,treatment_capacity_20,94,98,16,12,0.004850812415828263,0.01839729618414916,0.023248108599977425,0.056723883566704145,3.662593572646208,0.09105509201657824,14.604613183816573,0.6989920504965198,0.2668585409347995,0,hypothetical_simulation_output
6,triage_capacity_3,94,108,29,15,0.00035069452288986273,0.5913359480544068,0.5916866425772966,1.4667115044369554,4.231032106623528,2.868087995564713,18.343552565208842,0.9338592179859084,0.177905693956533,0,hypothetical_simulation_output
6,boarding_duration_half,94,98,15,11,0.004850812415828263,0.033577886765777616,0.03842869918160587,0.15647189082955906,2.9630226995085276,0.15051240512795636,11.823088944478561,0.6961787160925628,0.2668585409347995,0,hypothetical_simulation_output
6,treatment_duration_minus20pct,94,99,17,12,0.004850812415828263,0.09732156407923602,0.10217237649506429,0.3624293985063617,3.326834647440864,0.40192434897586793,13.40615826072893,0.7794073018677166,0.2668585409347995,0,hypothetical_simulation_output
6,capacity_12_sensitivity,94,88,120,126,0.004850812415828263,29.261987534640518,29.266838347056346,31.690618294957556,32.90618381110258,102.80647084930048,115.34018793117008,1.0,0.2668585409347995,0,hypothetical_simulation_output
6,treatment_duration_plus25pct,94,96,37,35,0.004850812415828263,3.5949938276439606,3.59984464005979,5.207289151459079,7.757544095481562,14.748294482052865,31.282011563922463,1.0,0.2668585409347995,0,hypothetical_simulation_output
6,boarding_duration_plus50pct,94,95,61,60,0.004850812415828263,9.428278547247245,9.433129359663072,11.428683993679567,13.787226287428613,36.840140060255564,53.37385714212517,1.0,0.2668585409347995,0,hypothetical_simulation_output
6,arrival_multiplier_0.8,76,85,17,8,0.0005524289388722835,0.0006271948271005026,0.0011796237659727862,0.0,3.457788160714771,0.010474803798431983,11.728713969452627,0.7066150186144702,0.20619943391133688,0,hypothetical_simulation_output
6,arrival_multiplier_1.2,126,115,58,69,0.017198270701955367,10.007641640854372,10.02483991155633,14.195315562092077,13.649581191475935,45.90016746820376,62.589751580633525,1.0,0.3447920562148745,0,hypothetical_simulation_output
7,baseline,102,96,10,16,0.008199083330505714,0.3177308036228931,0.3259298869533988,1.091141406854294,3.4698294951926023,1.3852020195519448,14.356593441306375,0.7751425441544953,0.2845553576412527,0,hypothetical_simulation_output
7,treatment_capacity_20,102,99,10,13,0.008199083330505714,0.02539065481358686,0.03358973814409257,0.06486332614384765,3.1774893463832963,0.14275638711239344,13.519057128111422,0.6403595012858262,0.2845553576412527,0,hypothetical_simulation_output
7,triage_capacity_3,102,97,10,15,0.0003599200225783547,0.3173410393329913,0.3177009593555697,1.0494730719529315,3.4616005675947745,1.3502290772611711,14.315796007407664,0.7747785134289993,0.18970357176083516,0,hypothetical_simulation_output
7,boarding_duration_half,102,99,7,10,0.008199083330505714,0.048763562562092654,0.05696264589259837,0.12748222422171995,2.675928810088644,0.24209124504354307,11.36906768470878,0.6598666077739207,0.2845553576412527,0,hypothetical_simulation_output
7,treatment_duration_minus20pct,102,99,8,11,0.008199083330505714,0.06864374892250939,0.07684283225301511,0.28900069332617595,2.8288970774440583,0.32658203707531425,12.070863532517526,0.6984481737599818,0.2845553576412527,0,hypothetical_simulation_output
7,capacity_12_sensitivity,102,90,27,39,0.008199083330505714,4.5017830015334965,4.509982084864003,7.340524689123544,7.653881693103205,17.27188862652314,29.840999341805645,1.0,0.2845553576412527,0,hypothetical_simulation_output
7,treatment_duration_plus25pct,102,90,13,25,0.008199083330505714,0.9653488121813253,0.973547895511831,2.452789935554344,4.607254207561237,3.753651320000966,17.596664447611506,0.8296189007705023,0.2845553576412527,0,hypothetical_simulation_output
7,boarding_duration_plus50pct,102,90,14,26,0.008199083330505714,0.9296996287083947,0.9378987120389004,2.6340367033426704,4.60673176432126,3.4467399590653733,17.74186992624702,0.8578762032436963,0.2845553576412527,0,hypothetical_simulation_output
7,arrival_multiplier_0.8,66,60,6,12,0.0025184036171293483,0.01658370307248533,0.01910210668961468,0.0,3.8524866267955935,0.052530793396440366,10.247586146008835,0.6139797417558541,0.1856897422593645,0,hypothetical_simulation_output
7,arrival_multiplier_1.2,92,106,25,11,0.006807687563945718,0.4234545019952159,0.4302621895591616,1.1875828729704299,4.035586586763188,1.9683678004069591,17.194610418047002,0.9204174031790466,0.2497820833876485,0,hypothetical_simulation_output
8,baseline,97,107,21,11,0.005045673427058862,0.3477974639839459,0.35284313741100476,1.1762873095275725,3.5737348957153734,1.488971339279793,14.840913231589385,0.8011557854554584,0.2667246625111286,0,hypothetical_simulation_output
8,treatment_capacity_20,97,95,7,9,0.005045673427058862,0.00881002528016525,0.013855698707224112,0.027711839085702687,3.234747457011593,0.05600011560836412,12.762255030251346,0.6086402794810363,0.2667246625111286,0,hypothetical_simulation_output
8,triage_capacity_3,97,107,21,11,0.0008059910084479195,0.3502957855631773,0.3511017765716253,1.200040952905232,3.571993534875994,1.483643923307883,14.826897285455168,0.8006127523203141,0.17781644167408572,0,hypothetical_simulation_output
8,boarding_duration_half,97,97,6,6,0.005045673427058862,0.013573862673397214,0.018619536100456077,0.05526954095039981,2.589063690780371,0.07525395840600997,10.3476459413316,0.6086839161189582,0.2667246625111286,0,hypothetical_simulation_output
8,treatment_duration_minus20pct,97,96,7,8,0.005045673427058862,0.1303068125282695,0.13535248595532837,0.5170731246388587,2.99864242642084,0.5470496307361188,11.852523448593312,0.6732515308021836,0.2667246625111286,0,hypothetical_simulation_output
8,capacity_12_sensitivity,97,91,92,98,0.005045673427058862,20.926736761160775,20.931782434587834,22.93868725984952,24.152674192892203,83.73295302251923,96.2664023475415,1.0,0.2667246625111286,0,hypothetical_simulation_output
8,treatment_duration_plus25pct,97,112,34,19,0.005045673427058862,1.0066815384454122,1.011727211872471,2.329194642032155,4.679621242475411,5.524176879550535,21.648546952445784,0.9744325467420616,0.2667246625111286,0,hypothetical_simulation_output
8,boarding_duration_plus50pct,97,107,36,26,0.005045673427058862,1.6732818202952169,1.6783274937222756,3.394704142087824,5.549666855651096,8.374900393864623,24.862027136550264,0.9971048386039613,0.2667246625111286,0,hypothetical_simulation_output
8,arrival_multiplier_0.8,93,86,9,16,0.007638989552884456,0.32807349268539204,0.3357124822382765,0.8321528515596923,3.64316169869995,1.3008858686733216,13.782049045955935,0.7475874656379342,0.2598818635378321,0,hypothetical_simulation_output
8,arrival_multiplier_1.2,102,108,38,32,0.00467881768368551,2.3114362835235247,2.31611510120721,3.7217834883116154,6.160043699172735,10.2861533021805,26.846320063905324,1.0,0.2800833808624101,0,hypothetical_simulation_output
9,baseline,91,96,21,16,0.005677234836204642,0.06916143080060007,0.0748386656368047,0.3507054045214204,3.7158155983971435,0.3996971806561902,13.491234680309097,0.7865931449718543,0.2530235900516213,0,hypothetical_simulation_output
9,treatment_capacity_20,91,92,17,16,0.005677234836204642,0.0,0.005677234836204642,0.0,3.646654167596543,0.02152618208727593,12.568074249241965,0.6020250443525722,0.2530235900516213,0,hypothetical_simulation_output
9,triage_capacity_3,91,96,21,16,0.00037899145279812567,0.07376756310842901,0.07414655456122714,0.3507054045214204,3.7151234873215655,0.3928736655432168,13.47049890407932,0.7857236286520538,0.1686823933677475,0,hypothetical_simulation_output
9,boarding_duration_half,91,88,10,13,0.005677234836204642,0.0,0.005677234836204642,0.0,2.8533996280217373,0.02152618208727593,9.988773994544987,0.5913250395221543,0.2530235900516213,0,hypothetical_simulation_output
9,treatment_duration_minus20pct,91,90,14,15,0.005677234836204642,0.0017189220155660974,0.007396156851770739,0.007386507107412399,3.2641721174009035,0.028043761396297384,11.21672113654582,0.6676643871903923,0.2530235900516213,0,hypothetical_simulation_output
9,capacity_12_sensitivity,91,94,76,73,0.005677234836204642,14.892702618149807,14.898379852986011,17.01031598296524,18.539356785746353,59.26463986685957,71.7706870469628,1.0,0.2530235900516213,0,hypothetical_simulation_output
9,treatment_duration_plus25pct,91,101,32,22,0.005677234836204642,0.5290369861003996,0.5347142209366043,1.536556762598309,4.6559423689609485,2.847199345297207,18.399836037834124,0.9404118445271047,0.2530235900516213,0,hypothetical_simulation_output
9,boarding_duration_plus50pct,91,99,33,25,0.005677234836204642,0.9541928391495317,0.9598700739857363,2.3314847150477362,5.39410154632088,4.485690580048776,20.540034146585032,0.9717685241520634,0.2530235900516213,0,hypothetical_simulation_output
9,arrival_multiplier_0.8,83,78,4,9,0.00605535720098079,0.6975378422451968,0.7035931994461776,2.139463798276875,4.3689191753895,2.433259814751364,14.782544540909909,0.7426597150671478,0.23336464254208997,0,hypothetical_simulation_output
9,arrival_multiplier_1.2,113,112,77,78,0.007614204217241249,11.674364264793942,11.681978469011183,13.0799988190038,15.108025266858197,54.067535414402975,70.68822051593126,1.0,0.3103425507641339,0,hypothetical_simulation_output
10,baseline,94,96,15,13,0.018940863642963914,0.6753118968184527,0.6942527604614166,1.7067710397899503,4.105938745360224,2.7191566451405484,15.062673384318336,0.7385558504527371,0.2633115659669964,0,hypothetical_simulation_output
10,treatment_capacity_20,94,91,9,12,0.018940863642963914,0.15371520017950954,0.17265606382247348,0.8034789993494742,3.584342048721281,0.6762362499713545,12.831522726317848,0.5814331672206249,0.2633115659669964,0,hypothetical_simulation_output
10,triage_capacity_3,94,96,15,13,0.005392904208133405,0.6794762232862569,0.6848691274943903,1.6695677690112944,4.096555112393198,2.682404082686362,15.020025551602956,0.7381873960614124,0.17554104397799758,0,hypothetical_simulation_output
10,boarding_duration_half,94,94,7,7,0.018940863642963914,0.16896316920629983,0.18790403284926374,0.7837748539670145,2.9581262766335867,0.7359574619929496,10.484492974374723,0.5763695237779862,0.2633115659669964,0,hypothetical_simulation_output
10,treatment_duration_minus20pct,94,91,8,11,0.018940863642963914,0.35390388756054,0.3728447512035039,1.247661100767954,3.385670429539441,1.4603086088803903,12.18064636525981,0.6371071640278391,0.2633115659669964,0,hypothetical_simulation_output
10,capacity_12_sensitivity,94,89,71,76,0.018940863642963914,14.583024633624076,14.60196549726704,16.478093853033826,18.013651482165844,56.47371456126806,69.00033769320206,1.0,0.2633115659669964,0,hypothetical_simulation_output
10,treatment_duration_plus25pct,94,90,22,26,0.018940863642963914,1.5025993854585715,1.5215402491015355,2.652607951703851,5.431801617203931,5.780756506870296,20.12356776563693,0.86351175792704,0.2633115659669964,0,hypothetical_simulation_output
10,boarding_duration_plus50pct,94,89,23,28,0.018940863642963914,1.9533862086175326,1.9723270722604964,3.4007097441000727,6.025476798273789,7.756167096666875,22.806259327383643,0.9077168186739231,0.2633115659669964,0,hypothetical_simulation_output
10,arrival_multiplier_0.8,70,71,11,10,0.002933616216756312,0.0833964590401767,0.08633007525693301,0.3854626742125021,3.9267461624789886,0.2517960528327213,12.068143581920316,0.7139983835565914,0.19618669609106534,0,hypothetical_simulation_output
10,arrival_multiplier_1.2,104,111,34,27,0.006518376698126305,1.9248280239546876,1.9313464006528138,3.083908423447457,5.363919598978953,9.375066833257183,25.93238249265326,1.0,0.27865782969803793,0,hypothetical_simulation_output
11,baseline,118,102,23,39,0.01229443648690866,2.2048352589554625,2.217129695442371,5.120961895501912,5.931490835973321,8.624991099140036,24.764277821276227,0.9680366967354138,0.3253497871847865,0,hypothetical_simulation_output
11,treatment_capacity_20,118,109,17,26,0.01229443648690866,0.49843534952552515,0.5107297860124338,1.3398854935616726,4.225090926543386,2.3077133048016414,19.38900523242869,0.8215296176628738,0.3253497871847865,0,hypothetical_simulation_output
11,triage_capacity_3,118,102,23,39,0.002493192959922014,2.2054067450120236,2.2078999379719457,5.107049215915723,5.922261078502899,8.603836016495162,24.74903738500164,0.9684063621335565,0.21689985812319101,0,hypothetical_simulation_output
11,boarding_duration_half,118,111,15,22,0.01229443648690866,0.42084504827813896,0.43313948476504766,1.228906264865398,3.4102352366364608,1.9507990440265697,15.712575088301898,0.81944227936911,0.3253497871847865,0,hypothetical_simulation_output
11,treatment_duration_minus20pct,118,101,16,33,0.01229443648690866,1.10666466550091,1.1189591019878187,2.848014796156553,4.4118233051049875,4.645415935956053,19.108472333374333,0.8632723014405442,0.3253497871847865,0,hypothetical_simulation_output
11,capacity_12_sensitivity,118,93,117,142,0.01229443648690866,31.45419541402998,31.466489850516886,37.89788975622214,35.18085099104783,109.87119364874557,122.52189322311513,1.0,0.3253497871847865,0,hypothetical_simulation_output
11,treatment_duration_plus25pct,118,97,47,68,0.01229443648690866,8.545823496390291,8.558117932877199,12.763143870990222,12.799350245175383,31.99227046227412,48.64297003664368,1.0,0.3253497871847865,0,hypothetical_simulation_output
11,boarding_duration_plus50pct,118,95,59,82,0.01229443648690866,12.431008429978773,12.44330286646568,17.60121632891152,16.89492939565617,45.11661601742137,61.76731559179095,1.0,0.3253497871847865,0,hypothetical_simulation_output
11,arrival_multiplier_0.8,72,72,7,7,0.005042883740739196,0.004264498380440863,0.00930738212118006,0.0,3.6044942135672144,0.02792214636354018,10.937489458267251,0.6576222131663305,0.1938059506212113,0,hypothetical_simulation_output
11,arrival_multiplier_1.2,123,120,55,58,0.01365702111074991,7.814602930543033,7.8282599516537825,9.666039108139284,11.190673067453407,38.85417029088827,55.542066434374426,1.0,0.3439480717430783,0,hypothetical_simulation_output
12,baseline,90,96,16,10,0.004204306618360457,0.012296469054644554,0.01650077567300501,0.03758697350633613,3.2483523627236845,0.06187790877376879,12.377426329127635,0.7372152384964297,0.26005230220549497,0,hypothetical_simulation_output
12,treatment_capacity_20,90,88,8,10,0.004204306618360457,0.0,0.004204306618360457,0.0,3.23605589366904,0.015766149818851716,11.700101251335314,0.5582115248552737,0.26005230220549497,0,hypothetical_simulation_output
12,triage_capacity_3,90,96,16,10,0.00024737035895378137,0.01215343759934563,0.012400807958299412,0.0,3.2442523950089788,0.04650302984362279,12.358487550189148,0.7369924947459084,0.17336820147032997,0,hypothetical_simulation_output
12,boarding_duration_half,90,88,6,8,0.004204306618360457,0.0,0.004204306618360457,0.0,2.655693834354635,0.015766149818851716,9.965184103891287,0.5893320843538404,0.26005230220549497,0,hypothetical_simulation_output
12,treatment_duration_minus20pct,90,89,8,9,0.004204306618360457,0.0018600306189827936,0.006064337237343251,0.0,2.851426557181206,0.02274126464003719,10.404440090413122,0.6163496388351309,0.26005230220549497,0,hypothetical_simulation_output
12,capacity_12_sensitivity,90,88,112,114,0.004204306618360457,25.743645510471026,25.74784981708939,26.95414640488525,28.979701404140066,99.54804390292038,112.0681485073314,1.0,0.26005230220549497,0,hypothetical_simulation_output
12,treatment_duration_plus25pct,90,112,40,18,0.004204306618360457,2.4195589456206994,2.42376325223906,4.530460773566699,6.138726548173256,11.589759555036032,28.109864159447024,1.0,0.26005230220549497,0,hypothetical_simulation_output
12,boarding_duration_plus50pct,90,108,56,38,0.004204306618360457,6.71192245566942,6.7161267622877805,8.559216579814734,10.528340408652864,30.513454115978657,47.03355872038964,1.0,0.26005230220549497,0,hypothetical_simulation_output
12,arrival_multiplier_0.8,92,81,10,21,0.0046602981355909415,0.6143797600688031,0.6190400582043941,1.9822313965305747,4.24943874286347,2.207606519714813,14.17997906173521,0.7179742544164632,0.24239223567849244,0,hypothetical_simulation_output
12,arrival_multiplier_1.2,132,118,41,55,0.020076573799760643,4.295241455760904,4.315318029560665,7.296864261744247,7.476167264341961,20.100852257443506,36.86385308165584,1.0,0.38150041210616575,0,hypothetical_simulation_output
13,baseline,88,92,18,14,0.004159480657527581,0.12788100327048404,0.13204048392801163,0.4365076807636114,3.649806203504228,0.5233702502107036,13.41829085799705,0.7755993088107555,0.24266583340712758,0,hypothetical_simulation_output
13,treatment_capacity_20,88,91,16,13,0.004159480657527581,0.0,0.004159480657527581,0.004608430151006316,3.521925200233744,0.01525142907760113,12.678826395220602,0.6089121649664371,0.24266583340712758,0,hypothetical_simulation_output
13,triage_capacity_3,88,92,18,14,0.0004025943270391317,0.12414821814038746,0.1245508124674266,0.4365076807636114,3.6423165320436426,0.4959045142207721,13.400374181752753,0.776196125044858,0.16177722227141839,0,hypothetical_simulation_output
13,boarding_duration_half,88,87,10,11,0.004159480657527581,0.004847819585398644,0.009007300242926225,0.04034126048591986,2.8964922385345915,0.03302676755739616,10.360462239031078,0.6151314877912142,0.24266583340712758,0,hypothetical_simulation_output
13,treatment_duration_minus20pct,88,93,15,10,0.004159480657527581,0.022258484199982383,0.026417964857509964,0.06745105167012744,3.1191051495265625,0.0968658711442032,11.375478661331561,0.6745800702108188,0.24266583340712758,0,hypothetical_simulation_output
13,capacity_12_sensitivity,88,93,103,98,0.004159480657527581,21.662509586224562,21.666669066882093,23.52213575105599,25.18443478645831,86.62932611580366,99.11465778261793,1.0,0.24266583340712758,0,hypothetical_simulation_output
13,treatment_duration_plus25pct,88,93,24,19,0.004159480657527581,0.8043914117366892,0.8085508923942167,1.5840921961987475,4.857664780604389,3.318957896366674,18.189052219420017,0.8990476660149428,0.24266583340712758,0,hypothetical_simulation_output
13,boarding_duration_plus50pct,88,105,43,26,0.004159480657527581,3.277463104143619,3.2816225848011467,4.708970639982454,7.429669085661914,15.094014256588848,31.5793459234031,1.0,0.24266583340712758,0,hypothetical_simulation_output
13,arrival_multiplier_0.8,82,87,16,11,0.002086849607859962,0.0,0.002086849607859962,0.0,3.0796716280558445,0.007130069493521536,11.345704976507962,0.6801706053794964,0.22792261047124937,0,hypothetical_simulation_output
13,arrival_multiplier_1.2,125,117,61,69,0.01638274352394137,8.699431951732544,8.715814695256483,12.119434928244402,12.442437463582628,40.27658252163317,56.95934652153278,1.0,0.341381999949796,0,hypothetical_simulation_output
14,baseline,78,81,14,11,0.00537850157009719,0.07222370363826022,0.07760220520835741,0.2807134913577101,3.6279535215806518,0.25220716692716155,11.61361711814449,0.6817572189526451,0.22664722398750095,0,hypothetical_simulation_output
14,treatment_capacity_20,78,79,12,11,0.00537850157009719,0.0,0.00537850157009719,0.005558824789798644,3.5557298179423924,0.017480130102815867,11.299397517409048,0.5414311469665612,0.22664722398750095,0,hypothetical_simulation_output
14,triage_capacity_3,78,81,14,11,9.452715758948799e-05,0.06880998449938329,0.06890451165697278,0.26166033127550176,3.619255828029267,0.22393966288516154,11.588622404759505,0.6819617683687086,0.15109814932500065,0,hypothetical_simulation_output
14,boarding_duration_half,78,78,7,7,0.00537850157009719,0.002795565681353196,0.008174067251450387,0.017983150408460307,2.7686102163241393,0.026565718567213754,8.939226141120432,0.5287103734111386,0.22664722398750095,0,hypothetical_simulation_output
14,treatment_duration_minus20pct,78,80,11,9,0.00537850157009719,0.01510336681237134,0.020481868382468533,0.05797380513098741,3.2045651963846633,0.06656607224302273,10.195343336878896,0.6047176760413044,0.22664722398750095,0,hypothetical_simulation_output
14,capacity_12_sensitivity,78,92,104,90,0.00537850157009719,21.221765533493066,21.227144035063162,22.566627713505003,24.777495351435462,82.36055532988398,94.81384977785899,1.0,0.22664722398750095,0,hypothetical_simulation_output
14,treatment_duration_plus25pct,78,86,21,13,0.00537850157009719,0.2933565996960553,0.29873510126615255,1.0001045795471868,4.306921403101071,1.0827800321308108,14.76089668694064,0.8265513879271765,0.22664722398750095,0,hypothetical_simulation_output
14,boarding_duration_plus50pct,78,98,36,16,0.00537850157009719,1.1850000682936008,1.1903785698636982,2.018296600363379,5.5306450535356015,5.98764369764347,22.40388461461441,0.9976841543122461,0.22664722398750095,0,hypothetical_simulation_output
14,arrival_multiplier_0.8,73,74,11,10,0.002536256631001706,0.07561130127484054,0.07814755790584225,0.28272203452821115,3.8064006826362227,0.2376988219636035,11.097789125853211,0.6539499556163882,0.19844550701369754,0,hypothetical_simulation_output
14,arrival_multiplier_1.2,125,119,53,59,0.009171859723701346,6.929741350027769,6.93891320975147,10.04103124897686,10.373390642165603,33.72554033135854,50.40459823485755,1.0,0.3395289517495102,0,hypothetical_simulation_output
15,baseline,92,93,13,12,0.005911577421362077,0.08823598897393635,0.09414756639529843,0.38408947544247957,3.100971525485892,0.36089900451531065,11.812780708380691,0.6844445601042461,0.25038437109872075,0,hypothetical_simulation_output
15,treatment_capacity_20,92,93,13,12,0.005911577421362077,0.0,0.005911577421362077,0.02147951881010222,3.012735536511956,0.02266104678188796,11.461107911251247,0.5468839061135958,0.25038437109872075,0,hypothetical_simulation_output
15,triage_capacity_3,92,93,13,12,0.00035534933959639926,0.09250873825626464,0.09286408759586104,0.4776241454109397,3.099688046686455,0.35597900245080066,11.794159574433328,0.6835882393615677,0.16692291406581383,0,hypothetical_simulation_output
15,boarding_duration_half,92,93,12,11,0.005911577421362077,0.005447873553658133,0.01135945097502021,0.03321360133215876,2.548615998205021,0.04354456207091081,9.68279903973466,0.5711553584666442,0.25038437109872075,0,hypothetical_simulation_output
15,treatment_duration_minus20pct,92,93,12,11,0.005911577421362077,0.024500501038026503,0.03041207845938858,0.07124524952021719,2.6498252752864015,0.11657963409432288,10.15470934302849,0.5960850604210454,0.25038437109872075,0,hypothetical_simulation_output
15,capacity_12_sensitivity,92,101,71,62,0.005911577421362077,11.047891808635734,11.053803386057096,12.357537818351222,14.06062734514769,47.56020071756384,60.06096945976128,1.0,0.25038437109872075,0,hypothetical_simulation_output
15,treatment_duration_plus25pct,92,110,34,16,0.005911577421362077,0.7973186877272161,0.8032302651485782,1.5807604178946548,4.294317677068648,4.741006588099708,20.230662411159056,0.9368054425538691,0.25038437109872075,0,hypothetical_simulation_output
15,boarding_duration_plus50pct,92,116,51,27,0.005911577421362077,2.8974348670397885,2.90334644446115,3.751508305199403,6.379737815412335,16.372489269694146,32.87325801189159,1.0,0.25038437109872075,0,hypothetical_simulation_output
15,arrival_multiplier_0.8,73,69,8,12,0.005310234470551391,0.0,0.005310234470551391,0.0,2.87171666955715,0.01615196318126048,8.719755476136497,0.5190263497162715,0.1995909587474459,0,hypothetical_simulation_output
15,arrival_multiplier_1.2,124,109,66,81,0.01328615106166078,11.021159409992233,11.034445561053895,13.304779496669028,14.546132971909007,49.59100269016259,66.23389762919216,1.0,0.32144746951478176,0,hypothetical_simulation_output
16,baseline,97,90,10,17,0.012208394409612149,0.43289780650676174,0.4451062009163739,1.3200975692352928,3.6855395064905143,1.7941831816231744,14.188787190822135,0.7403918855957968,0.2741669198331061,0,hypothetical_simulation_output
16,treatment_capacity_20,97,94,10,13,0.012208394409612149,0.03483277258859528,0.04704116699820743,0.11814535990794753,3.2874744725723475,0.190124716617755,12.879451953449665,0.607049669858285,0.2741669198331061,0,hypothetical_simulation_output
16,triage_capacity_3,97,90,10,17,0.0012748526578750842,0.43939465415765033,0.4406695068155254,1.2764060847330143,3.681102812389666,1.7762515429655785,14.180525772839601,0.7409962743879884,0.18277794655540408,0,hypothetical_simulation_output
16,boarding_duration_half,97,92,9,14,0.012208394409612149,0.10019409906486297,0.11240249347447512,0.4761618413988515,2.791600809305851,0.4542934111260036,10.89443918834332,0.618238246096944,0.2741669198331061,0,hypothetical_simulation_output
16,treatment_duration_minus20pct,97,96,9,10,0.012208394409612149,0.14988135605593358,0.16208975046554572,0.5615671285242002,3.0059352037295146,0.6551127414649139,11.865002964223473,0.6663472739432715,0.2741669198331061,0,hypothetical_simulation_output
16,capacity_12_sensitivity,97,88,69,78,0.012208394409612149,14.336471653094886,14.3486800475045,16.92355516090201,17.589113353078638,53.987524071852114,66.5358579115183,1.0,0.2741669198331061,0,hypothetical_simulation_output
16,treatment_duration_plus25pct,97,103,32,26,0.012208394409612149,1.383251600634793,1.395459995044405,2.9203948178755983,5.131628116006261,6.256341679111544,21.71175737177565,0.9316926158123685,0.2741669198331061,0,hypothetical_simulation_output
16,boarding_duration_plus50pct,97,104,39,32,0.012208394409612149,2.5698074296836806,2.5820158240932924,4.226316886426662,6.383684119410195,11.736235446018243,28.284569285684455,1.0,0.2741669198331061,0,hypothetical_simulation_output
16,arrival_multiplier_0.8,81,77,7,11,0.004615878943766039,0.010697153778242404,0.015313032722008442,0.06413377515454499,3.115319966478177,0.051681485436778495,10.370482784002226,0.6155066153697816,0.23534772632447107,0,hypothetical_simulation_output
16,arrival_multiplier_1.2,113,96,55,72,0.006147999723367296,9.870378896419076,9.876526896142444,12.351590469291995,13.404278885534884,40.06676382759652,56.684496182330314,1.0,0.3088661773668946,0,hypothetical_simulation_output
17,baseline,79,84,13,8,0.0022984620280866795,0.0,0.0022984620280866795,0.0,3.0002949877573877,0.007565770842451987,10.102860537783036,0.6056199476764714,0.2026878020585207,0,hypothetical_simulation_output
17,treatment_capacity_20,79,82,11,8,0.0022984620280866795,0.0,0.0022984620280866795,0.0,3.0002949877573877,0.007565770842451987,9.812942802309726,0.47000007136751165,0.2026878020585207,0,hypothetical_simulation_output
17,triage_capacity_3,79,84,13,8,0.0,0.00024579235465753185,0.00024579235465753185,0.0,2.9982423180839586,0.000809066500747709,10.089323340894977,0.6051961668923241,0.13512520137234713,0,hypothetical_simulation_output
17,boarding_duration_half,79,79,7,7,0.0022984620280866795,0.0,0.0022984620280866795,0.0,2.4963237328721175,0.007565770842451987,8.186140469704906,0.4858249434215883,0.2026878020585207,0,hypothetical_simulation_output
17,treatment_duration_minus20pct,79,81,10,8,0.0022984620280866795,0.0,0.0022984620280866795,0.0,2.626914601018316,0.007565770842451987,8.609185844297992,0.5122652793336562,0.2026878020585207,0,hypothetical_simulation_output
17,capacity_12_sensitivity,79,88,72,63,0.0022984620280866795,13.28261101400678,13.284909476034867,15.226114897434723,16.28290600176417,53.16591131895095,65.57128692306797,1.0,0.2026878020585207,0,hypothetical_simulation_output
17,treatment_duration_plus25pct,79,89,21,11,0.0022984620280866795,0.06644825757818193,0.06874671960626862,0.24057312467123781,3.5334687287594098,0.36386158091293436,12.917269781662194,0.7592520372895141,0.2026878020585207,0,hypothetical_simulation_output
17,boarding_duration_plus50pct,79,98,28,9,0.0022984620280866795,0.3134137683146274,0.31571223034271406,0.7695994208681839,3.817680010957283,1.7966767761486118,15.584298894197056,0.8363904071207128,0.2026878020585207,0,hypothetical_simulation_output
17,arrival_multiplier_0.8,89,80,16,25,0.015162608709889046,1.7746530356358843,1.7898156443457733,3.4192042583504816,5.509055372478519,6.3860594234772945,19.42984348149079,0.7860184906796673,0.23374410356940997,0,hypothetical_simulation_output
17,arrival_multiplier_1.2,118,113,29,34,0.012853700397205927,2.6025244020935543,2.6153781024907605,5.693041532071581,5.99006520631609,11.92250577477639,27.668034549451278,0.9446773348925438,0.3153457081970969,0,hypothetical_simulation_output
18,baseline,101,112,31,20,0.0048938612980620215,1.2211761738595535,1.2260700351576155,2.5371450450393525,4.733914777483412,6.054067247270637,22.364452119561818,0.9852637480473567,0.27308245176673474,0,hypothetical_simulation_output
18,treatment_capacity_20,101,105,17,13,0.0048938612980620215,0.08306665939636926,0.08796052069443128,0.4261802706374169,3.595805263020228,0.3701671912557316,15.826135004797678,0.7454901455004237,0.27308245176673474,0,hypothetical_simulation_output
18,triage_capacity_3,101,112,31,20,0.0007329704471412876,1.2228136182436127,1.2235465886907542,2.5371450450393525,4.7313913310165505,6.0242453204209445,22.331419865402278,0.9850631025904913,0.18205496784448982,0,hypothetical_simulation_output
18,boarding_duration_half,101,110,17,8,0.0048938612980620215,0.052517166994489786,0.057411028292551805,0.2737269441233252,2.838767178447629,0.24988813531562334,13.100241320317423,0.7690117675917705,0.27308245176673474,0,hypothetical_simulation_output
18,treatment_duration_minus20pct,101,109,20,12,0.0048938612980620215,0.28579384719533873,0.29068770849340075,1.1355201515235933,3.4135152910734208,1.2967785086331638,15.436487652603939,0.8495965150273316,0.27308245176673474,0,hypothetical_simulation_output
18,capacity_12_sensitivity,101,88,122,135,0.0048938612980620215,31.72424852997304,31.729142391271104,35.4130711166527,35.236987133596905,112.90271087747671,125.44887578101019,1.0,0.27308245176673474,0,hypothetical_simulation_output
18,treatment_duration_plus25pct,101,101,51,51,0.0048938612980620215,7.349064581320417,7.35395844261848,9.375966550892343,11.343074634626497,30.499163916100795,47.04532881963428,1.0,0.27308245176673474,0,hypothetical_simulation_output
18,boarding_duration_plus50pct,101,95,62,68,0.0048938612980620215,10.931952560801696,10.936846422099757,13.274783331999856,15.171179756596274,44.11388369814313,60.66004860167661,1.0,0.27308245176673474,0,hypothetical_simulation_output
18,arrival_multiplier_0.8,84,78,9,15,0.006031653179308009,0.47114349479461837,0.4771751479739264,1.4677468596230825,4.465263045496646,1.6701130179087424,13.92999852212472,0.7365535905972772,0.23751402732976837,0,hypothetical_simulation_output
18,arrival_multiplier_1.2,112,117,25,20,0.004142453387239746,1.2979093712234175,1.3020518246106574,2.2655050259137144,4.665493579411217,6.523646104476836,22.728973909176506,0.9739025577870274,0.31144344005361607,0,hypothetical_simulation_output
19,baseline,74,91,28,11,0.013828978912215078,0.5307200580108518,0.5445490369230668,1.3820776357983364,4.195518760483293,2.284809502608406,16.257417259352454,0.8471847331884913,0.20882601286409397,0,hypothetical_simulation_output
19,treatment_capacity_20,74,82,19,11,0.013828978912215078,0.0456786098501905,0.05950758876240558,0.2453057992999761,3.710477312322632,0.18348173201741722,13.090895615572085,0.624488092891324,0.20882601286409397,0,hypothetical_simulation_output
19,triage_capacity_3,74,91,28,11,0.002300087570562854,0.5493013852506179,0.5516014728211808,1.3972064433490745,4.202571196381408,2.3038835943223823,16.276508906034223,0.8471858303739784,0.13921734190939597,0,hypothetical_simulation_output
19,boarding_duration_half,74,80,16,10,0.013828978912215078,0.060568631065891824,0.0743976099781069,0.33193464494926855,3.1833928356587604,0.2293926307658296,10.930535280413807,0.6427181639949868,0.20882601286409397,0,hypothetical_simulation_output
19,treatment_duration_minus20pct,74,87,21,8,0.013828978912215078,0.14935768349972872,0.16318666241194382,0.6590537011852946,3.3278431826213493,0.6198755537821548,12.389748123735567,0.7095137840140767,0.20882601286409397,0,hypothetical_simulation_output
19,capacity_12_sensitivity,74,72,54,56,0.013828978912215078,10.815427610685543,10.829256589597758,12.79344485915765,14.480226313157981,33.60574820050687,46.02340022623506,1.0,0.20882601286409397,0,hypothetical_simulation_output
19,treatment_duration_plus25pct,74,84,33,23,0.013828978912215078,1.6730997754215005,1.6869287543337155,2.9347178953163366,5.945789982082465,6.818155507337647,22.74172199804831,0.9691196540614045,0.20882601286409397,0,hypothetical_simulation_output
19,boarding_duration_plus50pct,74,82,36,28,0.013828978912215078,2.4730655504019663,2.4868945293141813,3.823323126054217,6.679838750753977,10.013705660112505,26.270182257466193,0.989926535726594,0.20882601286409397,0,hypothetical_simulation_output
19,arrival_multiplier_0.8,86,84,10,12,0.005699171163972527,0.14464307867441553,0.15034224983838806,0.7092172570789188,3.529385820730485,0.5387263952542239,12.49153606499945,0.7167774826976032,0.24218497329178668,0,hypothetical_simulation_output
19,arrival_multiplier_1.2,111,122,92,81,0.011318252121464777,12.192876859505798,12.20419511162726,13.437618929937173,15.785825664081573,63.575416752356865,80.18978785083617,1.0,0.3071855492396433,0,hypothetical_simulation_output
20,baseline,94,106,23,11,0.008264789133088748,0.07354639177287574,0.08181118090596448,0.3033662815869577,3.2618212127929964,0.5168277390263221,13.98079339748381,0.8084133251461889,0.2646762280592328,0,hypothetical_simulation_output
20,treatment_capacity_20,94,100,17,11,0.008264789133088748,0.0,0.008264789133088748,0.02732741855988935,3.188274821020122,0.032370424104597596,12.755928782561385,0.6097102951169161,0.2646762280592328,0,hypothetical_simulation_output
20,triage_capacity_3,94,106,23,11,0.0013952173855325037,0.07285501919616998,0.07425023658170248,0.27768250226724833,3.254260268468735,0.48410596946162343,13.953125331055697,0.8087291815922256,0.1764508187061552,0,hypothetical_simulation_output
20,boarding_duration_half,94,96,13,11,0.008264789133088748,0.004627291427018487,0.012892080560107235,0.030145630168274814,2.6785782281812294,0.05049398219375334,10.611512877130178,0.6269791524261225,0.2646762280592328,0,hypothetical_simulation_output
20,treatment_duration_minus20pct,94,99,15,10,0.008264789133088748,0.0113501962079129,0.01961498534100165,0.045765717126889205,2.7963833282736763,0.07682535925225646,11.326257959828153,0.6700050090285895,0.2646762280592328,0,hypothetical_simulation_output
20,capacity_12_sensitivity,94,88,50,56,0.008264789133088748,9.394587222848642,9.40285201198173,11.138880838566468,12.582862043868765,36.587851195313554,49.11720365143202,1.0,0.2646762280592328,0,hypothetical_simulation_output
20,treatment_duration_plus25pct,94,106,31,19,0.008264789133088748,0.6151728000755086,0.6234375892085973,1.620884149271143,4.307499732288573,3.5529170796011527,19.760136738853166,0.9798667001958469,0.2646762280592328,0,hypothetical_simulation_output
20,boarding_duration_plus50pct,94,104,30,20,0.008264789133088748,0.7987932119680287,0.8070580011011175,1.7397314439768479,4.501391917254061,4.239897321982304,20.614465031595145,0.9903259533433987,0.2646762280592328,0,hypothetical_simulation_output
20,arrival_multiplier_0.8,69,78,16,7,0.000693600358533621,0.07565042040149955,0.07634402076003317,0.05670405827549429,3.4782248965698686,0.21948905968509536,10.842000501890245,0.6398473301564348,0.19247707985109605,0,hypothetical_simulation_output
20,arrival_multiplier_1.2,105,106,34,33,0.0044093672692944045,2.5739718597401895,2.5783812270094835,3.894118135556517,5.984000557263892,11.695628325367892,28.280467853840644,1.0,0.29241976423637733,0,hypothetical_simulation_output
21,baseline,89,109,30,10,0.007119956993230499,0.6149190565359081,0.6220390135291386,1.5777019252659614,3.827162254883956,3.1884804825428588,18.694470354482835,0.9380190950721817,0.24884217539253348,0,hypothetical_simulation_output
21,treatment_capacity_20,89,96,15,8,0.007119956993230499,0.04057435340822679,0.04769431040145729,0.12067232062038331,3.2528175517562747,0.17686640107207077,13.769332613449551,0.6547390930796203,0.24884217539253348,0,hypothetical_simulation_output
21,triage_capacity_3,89,107,29,11,0.0,0.6272212413003746,0.6272212413003746,1.5830071946751902,3.8323444826551927,3.2027573559659808,18.709607383314268,0.9380728547852012,0.1658947835950223,0,hypothetical_simulation_output
21,boarding_duration_half,89,96,13,6,0.007119956993230499,0.07484123057230203,0.08196118756553253,0.292182338158972,2.678194463128248,0.3039394038888498,11.184319588975578,0.6489184896438538,0.24884217539253348,0,hypothetical_simulation_output
21,treatment_duration_minus20pct,89,95,14,8,0.007119956993230499,0.16291097023822734,0.17003092723145785,0.6625675898073724,3.004516539959995,0.6305313551499895,12.50509513294306,0.7110549641880001,0.24884217539253348,0,hypothetical_simulation_output
21,capacity_12_sensitivity,89,87,104,106,0.007119956993230499,24.25347390983648,24.26059386682971,26.999698102946223,27.465717108184528,86.76393822460555,99.2616225753906,1.0,0.24884217539253348,0,hypothetical_simulation_output
21,treatment_duration_plus25pct,89,99,57,47,0.007119956993230499,7.255713161807773,7.262833118801001,8.94336525429839,10.931253395938672,30.157740054518058,46.65542440530313,1.0,0.24884217539253348,0,hypothetical_simulation_output
21,boarding_duration_plus50pct,89,97,65,57,0.007119956993230499,9.948807929376864,9.955927886370093,11.888754569294822,13.769941093517014,40.3399282714193,56.83761262220437,1.0,0.24884217539253348,0,hypothetical_simulation_output
21,arrival_multiplier_0.8,93,98,16,11,0.00873872393329413,1.382941138810085,1.391679862743379,2.961181046419597,4.8775617932227515,5.392759468130595,19.414606778891564,0.8428260425925699,0.2683153146399248,0,hypothetical_simulation_output
21,arrival_multiplier_1.2,119,119,32,32,0.020993070844516782,1.9397104569058772,1.9607035277503941,3.516097480288477,5.473953971638481,9.819850183809693,26.33530443827607,0.9927684524477766,0.3155795076509745,0,hypothetical_simulation_output
22,baseline,99,120,35,14,0.006981441394459017,0.4716051373432672,0.4785865787377262,0.9037172365336235,3.8326372550790637,3.2161807380811047,19.034096038528176,0.9546619049192281,0.27166241086971316,0,hypothetical_simulation_output
22,treatment_capacity_20,99,105,19,13,0.006981441394459017,0.0,0.006981441394459017,0.00533478714515926,3.361032117735796,0.028798445752143447,13.999680109862444,0.6713778421185436,0.27166241086971316,0,hypothetical_simulation_output
22,triage_capacity_3,99,121,35,13,0.001215007794421512,0.47464733894941824,0.47586234674383976,0.8484042621869038,3.8299130230851772,3.198342413796606,19.006775953624913,0.9540692948805553,0.1811082739131421,0,hypothetical_simulation_output
22,boarding_duration_half,99,102,14,11,0.006981441394459017,0.004842782895089861,0.011824224289548877,0.04280489973684784,2.667514305456819,0.04877492519438912,11.040700962571853,0.6530375759773774,0.27166241086971316,0,hypothetical_simulation_output
22,treatment_duration_minus20pct,99,113,24,10,0.006981441394459017,0.08322368675182262,0.09020512814628164,0.2311506300038957,3.079027356762299,0.5050474832939216,13.757671943291049,0.7943312273911062,0.27166241086971316,0,hypothetical_simulation_output
22,capacity_12_sensitivity,99,87,136,148,0.006981441394459017,32.853977406701276,32.860958848095734,35.077501580606025,36.215009524437065,125.81609218630689,138.3594170080463,1.0,0.27166241086971316,0,hypothetical_simulation_output
22,treatment_duration_plus25pct,99,110,48,37,0.006981441394459017,4.3983842023609,4.405365643755358,5.401940701054582,8.215951879753348,21.012626566730614,37.555951388470035,1.0,0.27166241086971316,0,hypothetical_simulation_output
22,boarding_duration_plus50pct,99,103,73,69,0.006981441394459017,12.815008660428836,12.821990101823294,14.144845413176267,16.8744013733387,55.26880024514562,71.81212506688507,1.0,0.27166241086971316,0,hypothetical_simulation_output
22,arrival_multiplier_0.8,86,78,12,20,0.002112681223359113,0.18587106980586746,0.18798375102922657,0.8735226195240529,3.756492641347616,0.6489687094693165,12.095484702984422,0.6858968587746416,0.23608312656041916,0,hypothetical_simulation_output
22,arrival_multiplier_1.2,104,103,99,100,0.006707113448593888,17.792155611916353,17.79886272536495,18.876058018875902,21.383463933555102,80.69305828300377,97.25677563074241,1.0,0.2818586738693221,0,hypothetical_simulation_output
23,baseline,100,78,12,34,0.017648380896020513,2.6955108864932344,2.7131592673892544,5.634489654786094,6.5181195038063064,9.474564608283918,22.495008751735735,0.7775234247807177,0.29003467348016737,0,hypothetical_simulation_output
23,treatment_capacity_20,100,89,11,22,0.017648380896020513,1.1774067489646203,1.1950551298606407,2.4524646190503208,5.000015366277691,4.927486300148096,19.594987040433306,0.7043715696662441,0.29003467348016737,0,hypothetical_simulation_output
23,triage_capacity_3,100,78,12,34,0.0037519650715731245,2.709903702722718,2.7136556677942907,5.575982579636127,6.518615904211342,9.481417116710013,22.499568868588938,0.7773801503074118,0.19335644898677826,0,hypothetical_simulation_output
23,boarding_duration_half,100,85,6,21,0.017648380896020513,1.264527368957526,1.2821757498535464,2.7132228262047646,4.374978914089563,5.235032464069867,16.939814245866145,0.6952945271772464,0.29003467348016737,0,hypothetical_simulation_output
23,treatment_duration_minus20pct,100,84,11,27,0.017648380896020513,1.8043445011487753,1.821992882044796,3.7492439092829364,5.1786672287049464,6.983715423643235,19.345327732375544,0.7363464351107485,0.29003467348016737,0,hypothetical_simulation_output
23,capacity_12_sensitivity,100,85,90,105,0.017648380896020513,23.468485918242244,23.486134299138268,29.486978126748124,27.291094535555317,75.90055142631739,88.48062077327772,1.0,0.29003467348016737,0,hypothetical_simulation_output
23,treatment_duration_plus25pct,100,80,27,47,0.017648380896020513,4.155857383042324,4.173505763938344,8.44001433101697,8.538823362551518,13.355261096304217,28.756105775782157,0.9262984582823502,0.29003467348016737,0,hypothetical_simulation_output
23,boarding_duration_plus50pct,100,82,40,58,0.017648380896020513,7.231192361912922,7.248840742808943,11.772973078954639,11.765958051407026,23.192280411027156,39.77234975798749,1.0,0.29003467348016737,0,hypothetical_simulation_output
23,arrival_multiplier_0.8,83,67,11,27,0.002084266184049941,1.427200622363172,1.4292848885472218,2.944260157718139,5.261941058593063,4.405520827923184,16.235687763605757,0.710211251926037,0.23339345243298956,0,hypothetical_simulation_output
23,arrival_multiplier_1.2,126,116,59,69,0.008489259162372618,7.612525104969382,7.621014364131755,10.281501662444398,11.024414260544663,36.55562316138805,53.23206262834529,1.0,0.33821973347862233,0,hypothetical_simulation_output
24,baseline,106,96,15,25,0.01601642252765922,1.0755759335453472,1.0915923560730065,2.401627824951362,4.33093859120537,4.48194724547253,17.72686111895341,0.7910042588510429,0.2944228659320955,0,hypothetical_simulation_output
24,treatment_capacity_20,106,102,12,16,0.01601642252765922,0.11769696945104559,0.13371339197870483,0.49471423414549065,3.3730596271110684,0.5905674812392796,14.93870890826667,0.6879647847581601,0.2944228659320955,0,hypothetical_simulation_output
24,triage_capacity_3,106,96,15,25,0.0032466104515206226,1.0820483157486072,1.085294926200128,2.3871678914741636,4.324641161332491,4.458245952362937,17.708795568504648,0.791356492767345,0.196281910621397,0,hypothetical_simulation_output
24,boarding_duration_half,106,105,12,13,0.01601642252765922,0.168692549995493,0.18470897252315222,0.5408278798254429,2.7450894760051128,0.8157979619772556,12.669603979006004,0.7040600178227848,0.2944228659320955,0,hypothetical_simulation_output
24,treatment_duration_minus20pct,106,100,10,16,0.01601642252765922,0.41830910267657134,0.4343255252042305,1.0767885693156103,3.3240535183565854,1.9182710696520182,14.146047230001287,0.7274331517803173,0.2944228659320955,0,hypothetical_simulation_output
24,capacity_12_sensitivity,106,78,80,108,0.01601642252765922,20.37620454348927,20.392220966016932,24.012655270061657,23.631567201149295,72.73549464367575,85.32434037553993,1.0,0.2944228659320955,0,hypothetical_simulation_output
24,treatment_duration_plus25pct,106,105,34,35,0.01601642252765922,2.9157066220019465,2.9317230445296065,5.139678358228579,6.608092082136982,12.438324166122804,29.016101373214628,0.9993082172017272,0.2944228659320955,0,hypothetical_simulation_output
24,boarding_duration_plus50pct,106,101,37,42,0.01601642252765922,3.9331184869252644,3.949134909452923,6.525154381284125,7.867446876235689,16.466758915688285,33.05560464755248,1.0,0.2944228659320955,0,hypothetical_simulation_output
24,arrival_multiplier_0.8,69,68,14,15,0.0049679403526872775,0.2942213314192607,0.299189271771948,1.078512503436616,4.500332425288166,0.8601691563443504,13.205257044531237,0.7479715591452524,0.18877147093142335,0,hypothetical_simulation_output
24,arrival_multiplier_1.2,109,125,39,23,0.0049581007611634855,1.6044625249088669,1.6094206256700303,2.9184884594709106,4.789307015638703,9.552885839268804,26.05531590902116,0.9940087578500685,0.2991449720756331,0,hypothetical_simulation_output
25,baseline,100,108,26,18,0.0031016862583808803,0.6439208370123006,0.6470225232706815,1.504730984585038,4.153701007442705,3.0971930202727975,18.757588385730216,0.9450754760734205,0.26959387414134756,0,hypothetical_simulation_output
25,treatment_capacity_20,100,99,14,15,0.0031016862583808803,0.005873913560668598,0.008975599819049478,0.01684428623008501,3.5156540839910737,0.03739833257937283,14.976189930768307,0.7199801924953121,0.26959387414134756,0,hypothetical_simulation_output
25,triage_capacity_3,100,108,26,18,0.0,0.6295654122921,0.6295654122921,1.423540871355454,4.136243896464124,3.0676621108726194,18.73714073495637,0.9456431797375665,0.17972924942756505,0,hypothetical_simulation_output
25,boarding_duration_half,100,100,12,12,0.0031016862583808803,0.017806774414822257,0.020908460673203136,0.06583059778023143,2.77587206486837,0.0871185861383464,11.838730356776509,0.7007765013972169,0.26959387414134756,0,hypothetical_simulation_output
25,treatment_duration_minus20pct,100,102,15,13,0.0031016862583808803,0.08469638868356753,0.08779807494194841,0.31464850491489077,3.219707826187879,0.3658253122581184,13.893470771030332,0.8117786069055953,0.26959387414134756,0,hypothetical_simulation_output
25,capacity_12_sensitivity,100,81,118,137,0.0031016862583808803,31.838771868269063,31.841873554527442,35.28070226124303,35.34855203869947,109.1069315738962,121.6461193221789,1.0,0.26959387414134756,0,hypothetical_simulation_output
25,treatment_duration_plus25pct,100,98,39,41,0.0031016862583808803,4.411745517868224,4.4148472041266045,6.322274046539642,8.389986604456242,18.05334583436073,34.592533582643426,1.0,0.26959387414134756,0,hypothetical_simulation_output
25,boarding_duration_plus50pct,100,91,68,77,0.0031016862583808803,12.680066477203072,12.68316816346145,14.966768431441553,16.941561527610332,48.55741601263201,65.09660376091473,1.0,0.26959387414134756,0,hypothetical_simulation_output
25,arrival_multiplier_0.8,89,86,12,15,0.005710648267781477,0.0027406477024666392,0.008451295970248116,0.006734819501679117,3.1180059964542504,0.03134022255633676,11.413794698384374,0.6802522464082372,0.2492092666481215,0,hypothetical_simulation_output
25,arrival_multiplier_1.2,105,118,28,15,0.013571352832463747,0.3745380302696441,0.38810938310210785,1.5366448217676874,3.6696539319187855,2.4753863140589423,17.874653497464937,0.9268400254783623,0.2849133878760994,0,hypothetical_simulation_output
26,baseline,112,102,20,30,0.008806709812773508,0.8802508209029904,0.889057530715764,2.2847035023350855,4.327796729548966,3.6577417590508623,18.89448462328993,0.9118634839184789,0.3234635607717025,0,hypothetical_simulation_output
26,treatment_capacity_20,112,107,14,19,0.008806709812773508,0.08862273299563407,0.09742944280840758,0.4073009960917774,3.53616864164161,0.45467073310590206,16.335092346650256,0.7616747246000471,0.3234635607717025,0,hypothetical_simulation_output
26,triage_capacity_3,112,101,20,31,0.0006948986678332959,0.8808849579562276,0.8815798566240609,2.3099859872896102,4.320319055457262,3.6200979983234896,18.859736240667594,0.9120444450500437,0.2156423738478017,0,hypothetical_simulation_output
26,boarding_duration_half,112,106,12,18,0.008806709812773508,0.140078871531941,0.14888558134471452,0.46639301826896296,2.9873938263926583,0.6893162917458883,13.379119878925925,0.7526797791022893,0.3234635607717025,0,hypothetical_simulation_output
26,treatment_duration_minus20pct,112,108,14,18,0.008806709812773508,0.3387606761574626,0.34756738597023606,1.073476513788876,3.3661943548174826,1.567546394893462,15.244231042009483,0.8143598453482884,0.3234635607717025,0,hypothetical_simulation_output
26,capacity_12_sensitivity,112,88,96,120,0.008806709812773508,24.224593674736646,24.23340038454942,28.191700491449446,27.672139583382627,88.67719123179108,101.3241183533345,1.0,0.3234635607717025,0,hypothetical_simulation_output
26,treatment_duration_plus25pct,112,101,31,42,0.008806709812773508,2.9223486903864524,2.9311554001992257,5.542816015498315,6.895034886514871,11.283746955648681,27.930674077192084,1.0,0.3234635607717025,0,hypothetical_simulation_output
26,boarding_duration_plus50pct,112,97,35,50,0.008806709812773508,4.753522932259211,4.762329642071985,7.992510938691808,8.801299794690445,17.612103555484115,34.259030677027525,1.0,0.3234635607717025,0,hypothetical_simulation_output
26,arrival_multiplier_0.8,75,69,7,13,0.0024793681503361615,0.46410555892300676,0.46658492707334287,1.4783103431347742,4.243765126251002,1.4580778971041966,12.251689689504255,0.649897046616451,0.19762952326842273,0,hypothetical_simulation_output
26,arrival_multiplier_1.2,116,118,36,34,0.0092207490405744,2.3281660903274948,2.3373868393680692,3.9997957601552656,5.874150656425936,11.290893858657435,27.523672393488003,0.9749584753349879,0.316721464735382,0,hypothetical_simulation_output
27,baseline,97,89,12,20,0.014564072124658982,0.6318791175596656,0.6464431896843246,1.788910312300169,4.3170421454364405,2.539272604377883,15.800335392296661,0.7960023364281335,0.2625127025343221,0,hypothetical_simulation_output
27,treatment_capacity_20,97,91,10,16,0.014564072124658982,0.07437586073789408,0.08893993286255307,0.2708969578207814,3.759538888614669,0.359465561986152,14.353256895810043,0.6734382964377625,0.2625127025343221,0,hypothetical_simulation_output
27,triage_capacity_3,97,89,12,20,0.0027017771699501957,0.6391428454757367,0.6418446226456869,1.7868980344195222,4.312443578397803,2.524183869714539,15.788743798084466,0.7962209077063304,0.1750084683562147,0,hypothetical_simulation_output
27,boarding_duration_half,97,91,4,10,0.014564072124658982,0.11035707422599934,0.12492114635065832,0.46915390201934326,2.963222958062162,0.504889633167244,11.621292807253582,0.661961110563606,0.2625127025343221,0,hypothetical_simulation_output
27,treatment_duration_minus20pct,97,87,6,16,0.014564072124658982,0.2712475472668802,0.2858116193915392,1.0684491702444974,3.581190280210814,1.1551552950408042,13.603363870153018,0.7451989481277236,0.2625127025343221,0,hypothetical_simulation_output
27,capacity_12_sensitivity,97,92,93,98,0.014564072124658982,21.990664316343086,22.005228388467742,25.484124452363744,25.67582734421986,77.96643997929434,90.49146538436298,1.0,0.2625127025343221,0,hypothetical_simulation_output
27,treatment_duration_plus25pct,97,86,16,27,0.014564072124658982,1.6908570711252862,1.705421143249945,3.6904132981557387,5.845045467668116,6.070232397760502,20.406064586978236,0.8631754240093185,0.2625127025343221,0,hypothetical_simulation_output
27,boarding_duration_plus50pct,97,91,25,31,0.014564072124658982,2.56812870369202,2.582692775816679,4.990524368385479,7.0855888756094085,9.045770049246036,24.67893561018543,0.9442587597419215,0.2625127025343221,0,hypothetical_simulation_output
27,arrival_multiplier_0.8,80,81,10,9,0.001774048550340268,0.3212195609377225,0.3229936094880628,1.376121814964828,3.992149640171071,1.0766453649602095,13.00484731799819,0.7177700439166675,0.22194062518564728,0,hypothetical_simulation_output
27,arrival_multiplier_1.2,115,117,40,38,0.009379382388278927,3.789140135897739,3.7985195182860174,5.848413680914189,7.2074845276947395,18.301223026550957,34.94437505020952,1.0,0.32157601182928514,0,hypothetical_simulation_output
28,baseline,96,103,26,19,0.009090140501278357,0.40725186508451205,0.41634200558579043,1.1358842090887435,3.706313062964698,2.0981484692595544,16.51913196661819,0.8677130663925157,0.26878721753919227,0,hypothetical_simulation_output
28,treatment_capacity_20,96,104,20,12,0.009090140501278357,0.021815564948644155,0.03090570544992251,0.11350592417099392,3.32087676282883,0.12362282179969004,13.622747736900877,0.6480775240011399,0.26878721753919227,0,hypothetical_simulation_output
28,triage_capacity_3,96,103,26,19,0.0013635153868417997,0.4088497133445686,0.4102132287314104,1.1160185212494724,3.700184286110318,2.073452271034654,16.49938814514121,0.8680225899392607,0.1791914783594615,0,hypothetical_simulation_output
28,boarding_duration_half,96,103,17,10,0.009090140501278357,0.03748944968401317,0.04657959018529153,0.1880343732619565,2.729784082492419,0.19453746663066104,11.317433926143574,0.661582626527158,0.26878721753919227,0,hypothetical_simulation_output
28,treatment_duration_minus20pct,96,103,20,13,0.009090140501278357,0.09707500888485783,0.10616514938613619,0.374249353551491,3.007727343071893,0.5011010595032749,12.856001934057483,0.7385829024672388,0.26878721753919227,0,hypothetical_simulation_output
28,capacity_12_sensitivity,96,79,92,109,0.009090140501278357,21.89015589027252,21.8992460307738,24.451765817975016,25.189217088152706,76.69302091003304,89.23059534511141,1.0,0.26878721753919227,0,hypothetical_simulation_output
28,treatment_duration_plus25pct,96,98,35,33,0.009090140501278357,2.5016961879545763,2.5107863284558545,3.8259665020690647,6.286268465451201,11.243585411690376,27.78115984676876,1.0,0.26878721753919227,0,hypothetical_simulation_output
28,boarding_duration_plus50pct,96,95,47,48,0.009090140501278357,5.766028936147891,5.77511907664917,7.33892599684286,9.671856699099857,23.84262371866227,40.38019815374066,1.0,0.26878721753919227,0,hypothetical_simulation_output
28,arrival_multiplier_0.8,64,63,11,12,0.005503759945904019,0.0037592621088600175,0.009263022054764036,0.0,4.15639312839836,0.02470139214603743,10.484043287011552,0.6299010278934821,0.19046272428490063,0,hypothetical_simulation_output
28,arrival_multiplier_1.2,115,107,34,42,0.011573765957851503,4.32631232783322,4.337886093791071,5.693706069251614,7.867557351147633,19.66996003034391,36.313141126911994,1.0,0.32159054828404443,0,hypothetical_simulation_output
29,baseline,104,93,13,24,0.008653241028134208,0.8662442092400066,0.8748974502681407,2.5570578789534837,4.220854006373326,3.3320305867711695,16.514146534511212,0.7868804670613129,0.29601423737951765,0,hypothetical_simulation_output
29,treatment_capacity_20,104,97,10,17,0.008653241028134208,0.16623453862392387,0.17488777965205807,0.6890869569729944,3.5208443357572436,0.7578470451589183,14.982801016393081,0.6816462748237563,0.29601423737951765,0,hypothetical_simulation_output
29,triage_capacity_3,104,93,13,24,0.002181769435549195,0.8647460746012988,0.866927844036848,2.535084374956651,4.212884400142033,3.3065426191281744,16.488239737244786,0.7868542902098487,0.19734282491967844,0,hypothetical_simulation_output
29,boarding_duration_half,104,98,8,14,0.008653241028134208,0.1465294941999427,0.1551827352280769,0.537248386763153,2.87062034627855,0.6724585193216667,12.164746395219865,0.6812662125711976,0.29601423737951765,0,hypothetical_simulation_output
29,treatment_duration_minus20pct,104,94,10,20,0.008653241028134208,0.40396703301984727,0.41262027404798146,1.2918962220750245,3.3689174880967396,1.7629456978505107,14.024463034764764,0.7293430538847012,0.29601423737951765,0,hypothetical_simulation_output
29,capacity_12_sensitivity,104,83,81,102,0.008653241028134208,19.81028872834245,19.81894196937058,23.904168939558193,23.164898525475767,69.45243124000602,82.04445971476507,1.0000000000000002,0.29601423737951765,0,hypothetical_simulation_output
29,treatment_duration_plus25pct,104,88,20,36,0.008653241028134208,1.6324964024387958,1.6411496434669302,4.595595672241993,5.474180377142653,5.607626527275805,20.797600672800534,0.9123716044228559,0.29601423737951765,0,hypothetical_simulation_output
29,boarding_duration_plus50pct,104,94,40,50,0.008653241028134208,5.419186284680255,5.427839525708389,8.533930852861378,9.404315026868286,20.308827007655907,36.90085548241494,1.0,0.29601423737951765,0,hypothetical_simulation_output
29,arrival_multiplier_0.8,68,74,14,8,0.00319834352117375,0.02877415986364064,0.03197250338481439,0.09170996851980587,3.583026616075092,0.09058875959030743,10.643297949397548,0.6352223170791186,0.1945760582706709,0,hypothetical_simulation_output
29,arrival_multiplier_1.2,128,116,56,68,0.012410351413049137,8.792267694646652,8.804678046059701,10.546899167413091,11.999151337525413,43.25365785556634,59.95641257388662,1.0,0.3513773591601333,0,hypothetical_simulation_output
30,baseline,117,98,14,33,0.01153324092141902,1.8745705413226537,1.8861037822440727,3.749951201731614,5.285006625552023,7.78180458577632,21.08712380591827,0.7923237137454787,0.31406990010714547,0,hypothetical_simulation_output
30,treatment_capacity_20,117,104,9,22,0.01153324092141902,0.608346452172829,0.6198796930942481,1.7664104639730853,4.018782536402199,3.014846565589733,17.95832548083059,0.7157669557513285,0.31406990010714547,0,hypothetical_simulation_output
30,triage_capacity_3,117,98,14,33,0.0022976432909112264,1.880114720282718,1.8824123635736292,3.752882970025837,5.2813152068815805,7.75498278218279,21.06075462646226,0.7923520027540739,0.20937993340476327,0,hypothetical_simulation_output
30,boarding_duration_half,117,103,6,20,0.01153324092141902,0.7688047415784905,0.7803379824999095,1.9713931563538951,3.5668632080464064,3.7744354508640883,15.814530107415564,0.713247178521074,0.31406990010714547,0,hypothetical_simulation_output
30,treatment_duration_minus20pct,117,97,7,27,0.01153324092141902,1.1059971755912679,1.117530416512687,2.3986254313039184,4.107373576221137,5.10655125170608,17.653009980544866,0.744894933039031,0.31406990010714547,0,hypothetical_simulation_output
30,capacity_12_sensitivity,117,83,76,110,0.01153324092141902,20.255839073929707,20.26737231485112,24.638902798323027,23.66627515815907,71.5688753469998,84.19701514721409,1.0,0.31406990010714547,0,hypothetical_simulation_output
30,treatment_duration_plus25pct,117,103,28,42,0.01153324092141902,3.0647032883790004,3.0762365293004197,5.933386032648793,6.986463977107742,12.388993727643912,28.61950039162437,0.9751479289853857,0.31406990010714547,0,hypothetical_simulation_output
30,boarding_duration_plus50pct,117,94,40,63,0.01153324092141902,6.105220970270343,6.116754211191763,9.22299993943097,10.128034672261167,24.468384656205682,41.096524456419964,1.0,0.31406990010714547,0,hypothetical_simulation_output
30,arrival_multiplier_0.8,80,78,9,11,0.012608506170118262,0.06251688333260823,0.07512538950272649,0.30834283878974467,3.5908760495339536,0.2504179650090883,11.951855196384953,0.7016968308471129,0.23714396891102693,0,hypothetical_simulation_output
30,arrival_multiplier_1.2,102,126,37,13,0.008171625173223637,1.1535347654844912,1.161706390657715,3.791787693194761,4.379689933045327,6.990247712075582,23.31682732620715,0.9875771929851508,0.26267226318457954,0,hypothetical_simulation_output
31,baseline,92,102,23,13,0.00434395477412091,0.2195935850614214,0.2239375398355423,0.670025891635109,3.942952045877365,1.0484424894015458,15.94255389757083,0.8984898034977241,0.2591372761028487,0,hypothetical_simulation_output
31,treatment_capacity_20,92,94,13,11,0.00434395477412091,0.0,0.00434395477412091,0.0,3.7233584608159442,0.016651826634130156,13.994581570969927,0.672982759606505,0.2591372761028487,0,hypothetical_simulation_output
31,triage_capacity_3,92,102,23,13,0.0,0.21580947226616,0.21580947226616,0.670025891635109,3.934823978307983,1.0085404983742687,15.891364661249805,0.897784350666865,0.1727581840685658,0,hypothetical_simulation_output
31,boarding_duration_half,92,90,8,10,0.00434395477412091,0.032699830205251475,0.037043784979372385,0.08122225851765848,3.150331424205659,0.14200117575426083,11.65509833877717,0.6871764131760756,0.2591372761028487,0,hypothetical_simulation_output
31,treatment_duration_minus20pct,92,98,15,9,0.00434395477412091,0.016743550121678406,0.021087504895799313,0.07940140103034714,3.2656302678749,0.08083543543389737,12.568995063262706,0.7481178172264445,0.2591372761028487,0,hypothetical_simulation_output
31,capacity_12_sensitivity,92,86,105,111,0.00434395477412091,26.110576801353396,26.114920756127518,28.626254533336212,29.833935262169344,88.13824581530599,100.65652036751165,1.0,0.2591372761028487,0,hypothetical_simulation_output
31,treatment_duration_plus25pct,92,94,29,27,0.00434395477412091,2.012535811919046,2.0168797666931666,3.235611535627649,6.328983951563395,8.117047674117648,24.635322226323343,1.0,0.2591372761028487,0,hypothetical_simulation_output
31,boarding_duration_plus50pct,92,90,43,45,0.00434395477412091,6.909023691556376,6.913367646330497,8.049256985940278,11.238109019187856,26.065916136117895,42.58419068832359,1.0,0.2591372761028487,0,hypothetical_simulation_output
31,arrival_multiplier_0.8,85,83,9,11,0.004012626269984727,0.4996839529476193,0.503696579217604,1.331882505540682,3.9972910209045756,1.7839253847290142,13.709177678896479,0.717009981475643,0.22654629527858874,0,hypothetical_simulation_output
31,arrival_multiplier_1.2,121,116,96,101,0.02138570179214163,15.194899973270045,15.216285675062187,17.894974735182075,18.703031307487517,73.2106845102796,89.85270365772014,1.0,0.32100957372024946,0,hypothetical_simulation_output
32,baseline,87,92,17,12,0.007321798849006398,0.090076115675935,0.0973979145249414,0.46097537094387925,3.560828505119536,0.3781789987954885,13.04054935371066,0.7618726618421515,0.23620388272037238,0,hypothetical_simulation_output
32,treatment_capacity_20,87,92,16,11,0.007321798849006398,0.0,0.007321798849006398,0.0017756111213316468,3.470752389443601,0.026541520827648196,12.531932768150341,0.6016491740940971,0.23620388272037238,0,hypothetical_simulation_output
32,triage_capacity_3,87,92,17,12,0.0009967572702258157,0.09265307182521605,0.09364982909544187,0.46097537094387925,3.5570804196900365,0.3656166885659869,13.00916794844832,0.7607604996183764,0.15712775532943685,0,hypothetical_simulation_output
32,boarding_duration_half,87,88,11,10,0.007321798849006398,0.0,0.007321798849006398,0.0017756111213316468,2.728865139244607,0.026541520827648196,10.018079458146953,0.59494563574241,0.23620388272037238,0,hypothetical_simulation_output
32,treatment_duration_minus20pct,87,94,15,8,0.007321798849006398,0.020651978855176435,0.027973777704182832,0.10168593533454677,3.1214805028657087,0.10140494417766277,11.187936399835309,0.6633827306385562,0.23620388272037238,0,hypothetical_simulation_output
32,capacity_12_sensitivity,87,85,85,87,0.007321798849006398,18.502297972509705,18.50961977135871,20.22231860690793,21.973050361953305,68.02176903598843,80.49417680142916,1.0,0.23620388272037238,0,hypothetical_simulation_output
32,treatment_duration_plus25pct,87,93,24,18,0.007321798849006398,0.4307132052472206,0.43803500409622703,1.217614037471765,4.363870426482162,1.9434697399823146,16.787303349236876,0.8982141152383636,0.23620388272037238,0,hypothetical_simulation_output
32,boarding_duration_plus50pct,87,97,36,26,0.007321798849006398,2.568074644517462,2.5753964433664684,4.0259512173837795,6.780714284160054,11.391623815431037,27.86403158087178,1.0,0.23620388272037238,0,hypothetical_simulation_output
32,arrival_multiplier_0.8,73,73,12,12,0.0017116032285111817,0.0,0.0017116032285111817,0.0,3.1702532990414767,0.005206126486721511,9.372583565790164,0.5591685551960635,0.21034027808321318,0,hypothetical_simulation_output
32,arrival_multiplier_1.2,115,102,58,71,0.0007785538244594709,9.069726222224231,9.07050477604869,12.907374383535979,13.02865755427216,36.18301902749206,52.82601109485393,1.0,0.3214960336809381,0,hypothetical_simulation_output
33,baseline,91,87,19,23,0.002055132552299228,0.538983188932105,0.5410383214844041,1.2762210221991666,3.949534977307846,1.9836721371740442,14.366130391640192,0.7396528194260489,0.2740065718246842,0,hypothetical_simulation_output
33,treatment_capacity_20,91,88,14,17,0.002055132552299228,0.04391516923017288,0.045970301782472106,0.04114754355680361,3.4544669576059137,0.17430406092520676,12.430409073151424,0.5854045934288424,0.2740065718246842,0,hypothetical_simulation_output
33,triage_capacity_3,91,87,19,23,0.0,0.5411419258124263,0.5411419258124263,1.2762210221991666,3.9496385816358677,1.9949133955172798,14.381634374987206,0.7399192397387848,0.18267104788312277,0,hypothetical_simulation_output
33,boarding_duration_half,91,87,10,14,0.002055132552299228,0.03167639529429699,0.03373152784659622,0.05684196886861059,2.768902325974524,0.12789870975167736,9.933107579186672,0.5785747328616017,0.2740065718246842,0,hypothetical_simulation_output
33,treatment_duration_minus20pct,91,90,14,15,0.002055132552299228,0.13309297327825031,0.13514810583054956,0.5441478115023699,3.1601819613643976,0.5124365679408337,11.499771916451328,0.6524576378038205,0.2740065718246842,0,hypothetical_simulation_output
33,capacity_12_sensitivity,91,93,90,88,0.002055132552299228,18.170612937425354,18.172668069977654,20.672470264593898,21.5811647258011,70.53218266635453,83.08019581000391,1.0,0.2740065718246842,0,hypothetical_simulation_output
33,treatment_duration_plus25pct,91,89,25,27,0.002055132552299228,1.2046797706236436,1.206734903175943,2.770168071483397,5.094560059361372,4.6387145712387445,19.15444448827832,0.8729822983368879,0.2740065718246842,0,hypothetical_simulation_output
33,boarding_duration_plus50pct,91,91,29,29,0.002055132552299228,1.5238461238110386,1.5259012563633376,3.4125704449875798,5.607723769882292,5.817510509254634,20.952552563627787,0.9116893069202364,0.2740065718246842,0,hypothetical_simulation_output
33,arrival_multiplier_0.8,62,60,11,13,0.0015450910032508282,0.0007057344002629957,0.0022508254035138236,0.0,3.7347838870017434,0.005814632292410711,8.795497756595077,0.5300447703638294,0.1544833992406988,0,hypothetical_simulation_output
33,arrival_multiplier_1.2,117,109,32,40,0.0071393737580566895,3.967953421847298,3.975092795605355,6.102190945356699,7.462449634708835,18.073600767922,34.73213772665254,1.0,0.32926847936527065,0,hypothetical_simulation_output
34,baseline,94,95,13,12,0.0013829296457094854,0.08841919730027373,0.08980212694598322,0.30795908266037214,3.5870129014968253,0.3517249972051009,13.810650762253532,0.8077862128499511,0.2671731797246082,0,hypothetical_simulation_output
34,treatment_capacity_20,94,95,13,12,0.0013829296457094854,0.0,0.0013829296457094854,0.0,3.498593704196552,0.005416474445695485,13.383789524971236,0.6422013345538163,0.2671731797246082,0,hypothetical_simulation_output
34,triage_capacity_3,94,95,13,12,0.0,0.08788750746995576,0.08788750746995576,0.2975179315171945,3.585098282020798,0.34422607092399343,13.802755978225973,0.8077614717407977,0.17811545314973878,0,hypothetical_simulation_output
34,boarding_duration_half,94,93,9,10,0.0013829296457094854,0.0,0.0013829296457094854,0.0,2.7544464784097284,0.005416474445695485,10.519583070885455,0.6237387648119089,0.2671731797246082,0,hypothetical_simulation_output
34,treatment_duration_minus20pct,94,93,10,11,0.0013829296457094854,0.0245880553986672,0.02597098504437669,0.02974224117837141,3.148477803135878,0.1017196914238087,12.0855433457396,0.7155923309291611,0.2671731797246082,0,hypothetical_simulation_output
34,capacity_12_sensitivity,94,91,56,59,0.0013829296457094854,12.803363684647003,12.804746614292714,14.83423072820931,16.301957388843558,46.595077567953325,59.12942392740254,1.0,0.2671731797246082,0,hypothetical_simulation_output
34,treatment_duration_plus25pct,94,91,15,18,0.0013829296457094854,0.5262920067480535,0.527674936393763,1.377089666395611,4.4932656565187825,2.052935232883178,16.899571938425836,0.8945181466308405,0.2671731797246082,0,hypothetical_simulation_output
34,boarding_duration_plus50pct,94,89,19,24,0.0013829296457094854,0.920478823593124,0.9218617532388336,2.305702638705651,5.163219753576501,3.4216316112439302,18.793077491342377,0.927318720040577,0.2671731797246082,0,hypothetical_simulation_output
34,arrival_multiplier_0.8,74,75,5,4,0.007877857910235155,0.30757349451292465,0.3154513524231598,1.2413903502530645,4.156283548031486,0.9726416699714093,12.416075811637782,0.6884453502269304,0.21415426901774262,0,hypothetical_simulation_output
34,arrival_multiplier_1.2,113,103,37,47,0.009019247171482952,4.639620256145403,4.648639503316887,6.402681318165281,8.296478370002747,19.988559710613156,36.6172432019955,1.0,0.3143417456911746,0,hypothetical_simulation_output
35,baseline,94,85,12,21,0.008641538438143501,0.14716011262764417,0.1558016510657877,0.9555969238216506,3.4743007713907383,0.4994228303728683,12.148154322935062,0.6936611349977438,0.27507666629914596,0,hypothetical_simulation_output
35,treatment_capacity_20,94,84,10,20,0.008641538438143501,0.004262045832732647,0.012903584270876149,0.04772428709493114,3.331402704595828,0.050539038394264914,11.798361717942342,0.5598834673474892,0.27507666629914596,0,hypothetical_simulation_output
35,triage_capacity_3,94,85,12,21,0.000457158124474295,0.1475084969155994,0.1479656550400737,0.9555969238216506,3.4664647753650244,0.47149523120614845,12.137182600503928,0.6947208772937179,0.18338444419943065,0,hypothetical_simulation_output
35,boarding_duration_half,94,87,8,15,0.008641538438143501,0.0252316506322144,0.033873189070357905,0.0751834034163835,2.666273511165353,0.13266999052556847,9.77563860146439,0.5683009548962831,0.27507666629914596,0,hypothetical_simulation_output
35,treatment_duration_minus20pct,94,82,8,20,0.008641538438143501,0.08582041458798528,0.09446195302612878,0.41490416881371467,3.0517944610921797,0.3375345204644174,10.635048448271968,0.6092100372005786,0.27507666629914596,0,hypothetical_simulation_output
35,capacity_12_sensitivity,94,96,107,105,0.008641538438143501,21.351468532297933,21.360110070736077,23.804715402831004,24.678609191061028,84.05328577689642,96.60343910949472,1.0,0.27507666629914596,0,hypothetical_simulation_output
35,treatment_duration_plus25pct,94,99,28,23,0.008641538438143501,0.4343842036335964,0.4430257420717399,1.774872998105201,4.212983127720317,2.0138657022795363,16.67398418643492,0.8818728219723183,0.27507666629914596,0,hypothetical_simulation_output
35,boarding_duration_plus50pct,94,106,54,42,0.008641538438143501,5.489315113212144,5.497956651650287,7.40993609156285,9.502554570205195,25.67694613505903,42.22709946765733,1.0,0.27507666629914596,0,hypothetical_simulation_output
35,arrival_multiplier_0.8,69,66,10,13,0.005109110568562993,0.008193523389725973,0.013302633958288965,0.011663964086369672,3.906463476719714,0.03824507263008078,11.13710363451924,0.6698260308905262,0.1908210338203702,0,hypothetical_simulation_output
35,arrival_multiplier_1.2,104,99,28,33,0.013332171823796611,1.743789390572708,1.7571215623965046,3.079739925016395,5.549903283752659,7.194946115520897,23.150909147785708,0.9607299760085182,0.2921417080642564,0,hypothetical_simulation_output
36,baseline,100,98,13,15,0.00536528719987615,0.8348979168295514,0.8402632040294276,1.7996415042209948,4.125333819105349,3.5010966834559483,17.535078133197693,0.8420338655539529,0.28071980043924977,0,hypothetical_simulation_output
36,treatment_capacity_20,100,102,13,11,0.00536528719987615,0.08909514536808615,0.0944604325679623,0.40617383884934105,3.3795310476438853,0.39358513569984294,14.751849211335161,0.6898412237378408,0.28071980043924977,0,hypothetical_simulation_output
36,triage_capacity_3,100,98,13,15,0.0005431984357826992,0.8311230600534865,0.8316662584892691,1.7798619091655299,4.11673687356519,3.4652760770386215,17.498315303722226,0.8419749766128192,0.1871465336261665,0,hypothetical_simulation_output
36,boarding_duration_half,100,101,11,10,0.00536528719987615,0.04413763115524603,0.049502918355122175,0.2100144887799503,2.72002559177889,0.20626215981300908,11.780786307356204,0.6883177841665434,0.28071980043924977,0,hypothetical_simulation_output
36,treatment_duration_minus20pct,100,100,9,9,0.00536528719987615,0.3133257652768989,0.3186910524767751,0.9161808479859905,3.2195158220405404,1.3278793853198962,13.925175683851734,0.7522410436033337,0.28071980043924977,0,hypothetical_simulation_output
36,capacity_12_sensitivity,100,81,62,81,0.00536528719987615,15.137727694335519,15.143092981535396,17.43186267113335,18.42816359661132,53.425518135224685,65.98695773610318,1.0,0.28071980043924977,0,hypothetical_simulation_output
36,treatment_duration_plus25pct,100,94,18,24,0.00536528719987615,1.9983934913265955,2.0037587785264717,3.3819157926306396,5.769136700492587,7.878927720730238,23.11786504987985,0.9173436080169446,0.28071980043924977,0,hypothetical_simulation_output
36,boarding_duration_plus50pct,100,90,20,30,0.00536528719987615,2.92781505758859,2.933180344788466,4.631539610430761,6.832798901516539,11.261173863308107,26.719994415527122,0.9310863094587821,0.28071980043924977,0,hypothetical_simulation_output
36,arrival_multiplier_0.8,76,76,10,10,0.004170860293402406,0.41397753655017205,0.41814839684357447,1.1702017952677437,4.138764892401496,1.3241365900046524,14.123515872022104,0.7740216492745584,0.20751644681225714,0,hypothetical_simulation_output
36,arrival_multiplier_1.2,98,113,48,33,0.004678988782401626,4.578645813374711,4.5833248021571125,6.765368171130706,8.002829946686889,22.7511659490243,39.30040964171432,1.0,0.27462184634501163,0,hypothetical_simulation_output
37,baseline,70,86,25,9,0.005517433972142222,0.07951529225780811,0.08503272622995033,0.053985472389740705,3.389901658078275,0.45939032968935933,11.607770232660288,0.6731353645475276,0.1891070351052413,0,hypothetical_simulation_output
37,treatment_capacity_20,70,71,10,9,0.005517433972142222,0.0,0.005517433972142222,0.0011009243752966014,3.310386365820467,0.016092515752081482,9.75534485735043,0.4680519135693933,0.1891070351052413,0,hypothetical_simulation_output
37,triage_capacity_3,70,85,24,9,0.0,0.07945023754660911,0.07945023754660911,0.0005191749191880109,3.384319169394934,0.4421963068748127,11.588357280579636,0.6729966814683963,0.12607135673682754,0,hypothetical_simulation_output
37,boarding_duration_half,70,70,9,9,0.005517433972142222,0.0,0.005517433972142222,0.0011009243752966014,2.6368819887851487,0.016092515752081482,7.839693144209673,0.4653366598904443,0.1891070351052413,0,hypothetical_simulation_output
37,treatment_duration_minus20pct,70,71,9,8,0.005517433972142222,0.0,0.005517433972142222,0.0011009243752966014,2.9449554811785887,0.016092515752081482,8.744948475468952,0.5219151180941493,0.1891070351052413,0,hypothetical_simulation_output
37,capacity_12_sensitivity,70,90,105,85,0.005517433972142222,20.818292392998288,20.82380982697043,24.139901682207874,24.12867875881875,84.83483658033283,97.21305065054332,1.0,0.1891070351052413,0,hypothetical_simulation_output
37,treatment_duration_plus25pct,70,95,37,12,0.005517433972142222,0.5189029238652608,0.524420357837403,2.798041549349427,4.286077895488079,3.450999876331476,17.949454449116644,0.8825150314109177,0.1891070351052413,0,hypothetical_simulation_output
37,boarding_duration_plus50pct,70,108,54,16,0.005517433972142222,2.3317619183071505,2.337279352279293,5.809549199136374,6.315652661162934,12.692461736146313,29.05302074068507,0.9988965583955175,0.1891070351052413,0,hypothetical_simulation_output
37,arrival_multiplier_0.8,80,84,11,7,0.014760550290937147,0.4867447044089438,0.5015052546998809,1.465143079704862,3.68763497550169,1.6716841823329365,12.459983899099358,0.6440874650339212,0.24145013811184235,0,hypothetical_simulation_output
37,arrival_multiplier_1.2,140,101,21,60,0.013788118015044606,3.8075470932989446,3.8213352113139893,6.997874494514008,7.084804961146726,16.53135685191506,31.93358443594788,0.9128059269750436,0.39866637621606255,0,hypothetical_simulation_output
38,baseline,84,81,16,19,0.009161856678014417,0.416818371406154,0.4259802280841684,1.2332209893532196,3.9015448627121523,1.4412980150137713,13.418494276231392,0.719706469450936,0.23094637500132306,0,hypothetical_simulation_output
38,treatment_capacity_20,84,80,10,14,0.009161856678014417,0.07103088363705351,0.08019274031506793,0.2673353935618281,3.5557573749430533,0.28067459110273774,12.118618385764593,0.5688025522329606,0.23094637500132306,0,hypothetical_simulation_output
38,triage_capacity_3,84,81,15,18,0.001481012356309396,0.4202952088917202,0.4217762212480296,1.2694972511145637,3.8973408558760148,1.4250880745161278,13.405061045078247,0.7198800137849671,0.15396425000088204,0,hypothetical_simulation_output
38,boarding_duration_half,84,80,8,12,0.009161856678014417,0.1561798413589012,0.16534169803691562,0.4909111094335178,2.9563415658975845,0.5786959431292047,10.115392650642784,0.5671752473444333,0.23094637500132306,0,hypothetical_simulation_output
38,treatment_duration_minus20pct,84,78,10,16,0.009161856678014417,0.22374278621407587,0.23290464289209029,0.8271741531682552,3.3135761287301255,0.8151662501223159,11.143685194382861,0.6166641371411188,0.23094637500132306,0,hypothetical_simulation_output
38,capacity_12_sensitivity,84,84,64,64,0.009161856678014417,13.203454888012876,13.21261674469089,15.935169957328094,16.688181379318873,47.413996834370295,59.87588958437294,1.0,0.23094637500132306,0,hypothetical_simulation_output
38,treatment_duration_plus25pct,84,87,24,21,0.009161856678014417,1.0112486830373364,1.020410539715351,2.7114471000927725,4.989591610330771,3.729573512191989,18.209633329019617,0.8761354416765615,0.23094637500132306,0,hypothetical_simulation_output
38,boarding_duration_plus50pct,84,84,27,27,0.009161856678014417,1.4787416556723314,1.487903512350346,3.7938865641827935,5.648032913745642,5.659644792138305,20.98915669127135,0.92922619682065,0.23094637500132306,0,hypothetical_simulation_output
38,arrival_multiplier_0.8,87,81,12,18,0.003904194022431025,0.15422442037917716,0.1581286144016082,0.5741406236607076,3.655519030010658,0.5477911131514546,12.584085868687694,0.7221609660857699,0.24085964908196011,0,hypothetical_simulation_output
38,arrival_multiplier_1.2,105,122,29,12,0.003958558530752855,0.3553730597371,0.3593316182678528,1.0571303647826142,3.4806184821127197,2.2333767878227384,17.73463686177206,0.9321973343408784,0.29305136224763295,0,hypothetical_simulation_output
39,baseline,87,108,34,13,0.008782895747792044,0.38370095915913005,0.3924838549069221,1.2201815575620802,3.8609443558117174,2.863155442832827,18.41331966599565,0.9414078872029258,0.24381901395800595,0,hypothetical_simulation_output
39,treatment_capacity_20,87,97,22,12,0.008782895747792044,0.005490237431678747,0.014273133179470791,0.04186267628815597,3.482733634084267,0.07753345552257922,13.860406415304753,0.664761746593308,0.24381901395800595,0,hypothetical_simulation_output
39,triage_capacity_3,87,108,34,13,0.0007387677059512696,0.37978688312975156,0.38052565083570283,1.135376069202005,3.8489861517404984,2.817464313257337,18.36390357308095,0.9411750769942254,0.1625460093053373,0,hypothetical_simulation_output
39,boarding_duration_half,87,96,19,10,0.008782895747792044,0.0015537218493020307,0.010336617597094075,0.030778352368827228,2.8117411418503298,0.048077197427992026,11.240082881350105,0.6690229785003815,0.24381901395800595,0,hypothetical_simulation_output
39,treatment_duration_minus20pct,87,98,23,12,0.008782895747792044,0.06959960378412754,0.07838249953191959,0.130464218112877,3.1467420973473224,0.609640573224187,13.395174123598673,0.7686184701536547,0.24381901395800595,0,hypothetical_simulation_output
39,capacity_12_sensitivity,87,91,154,150,0.008782895747792044,37.44230843044851,37.4510913261963,39.19750709552754,40.9195518271011,133.3890896125391,145.87672764045513,1.0,0.24381901395800595,0,hypothetical_simulation_output
39,treatment_duration_plus25pct,87,101,68,54,0.008782895747792044,9.578644721470429,9.587427617218218,10.372838875118282,13.556014246984756,40.575989638663465,57.063627666579485,1.0,0.24381901395800595,0,hypothetical_simulation_output
39,boarding_duration_plus50pct,87,91,89,85,0.008782895747792044,17.29902277224966,17.307805667997453,18.492777774568975,21.443322145553807,68.95919534909972,85.44683337701572,1.0,0.24381901395800595,0,hypothetical_simulation_output
39,arrival_multiplier_0.8,64,70,19,13,0.007260935978826488,0.014416629047198093,0.02167756502602458,0.034202412284929595,4.171157654722548,0.11666052082760814,11.227234200031708,0.6717577194170227,0.1812250842658679,0,hypothetical_simulation_output
39,arrival_multiplier_1.2,117,110,82,89,0.01353285293066668,13.334183796651244,13.347716649581908,15.908294867969232,17.001443355170046,65.27597678084315,81.95456009756009,1.0,0.3392916583584616,0,hypothetical_simulation_output
40,baseline,98,116,24,6,0.006428674231382762,0.5968901929567645,0.6033188671881472,1.642806884102097,3.7718204436071296,2.7270189152976365,18.28127916982654,0.9372806565982662,0.2788848744783247,0,hypothetical_simulation_output
40,treatment_capacity_20,98,110,17,5,0.006428674231382762,0.02113562513720669,0.02756429936858945,0.03740222668336627,3.196065875787572,0.11255422242174025,14.606920693712874,0.6968298361167242,0.2788848744783247,0,hypothetical_simulation_output
40,triage_capacity_3,98,116,24,6,0.00011586150279301865,0.6030583363816335,0.6031741978844266,1.6807059802469013,3.771675774303409,2.747034068520682,18.30267745640744,0.9373671024331319,0.18592324965221646,0,hypothetical_simulation_output
40,boarding_duration_half,98,110,15,3,0.006428674231382762,0.02376680614806106,0.030195480379443824,0.08424699203241344,2.627196734265381,0.12329821154939562,11.742038775871158,0.6913106759603197,0.2788848744783247,0,hypothetical_simulation_output
40,treatment_duration_minus20pct,98,110,17,5,0.006428674231382762,0.17950330980652968,0.18593198403791245,0.6246066384762199,2.9766527088290915,0.7683013393225421,13.877741710831003,0.7844794139094883,0.2788848744783247,0,hypothetical_simulation_output
40,capacity_12_sensitivity,98,94,112,116,0.006428674231382762,27.340649218762444,27.347077892993823,29.708297497351314,30.51557946941281,104.34073053133768,116.89850028029434,1.0,0.2788848744783247,0,hypothetical_simulation_output
40,treatment_duration_plus25pct,98,104,38,32,0.006428674231382762,4.595386117700562,4.601814791931944,6.012119242380706,8.24254243288568,20.199898768732563,36.75766851768921,1.0,0.2788848744783247,0,hypothetical_simulation_output
40,boarding_duration_plus50pct,98,102,49,45,0.006428674231382762,7.483904035707805,7.490332709939188,9.103513237747583,11.230334608891217,31.618198609956675,48.17596835891333,1.0,0.2788848744783247,0,hypothetical_simulation_output
40,arrival_multiplier_0.8,76,78,11,9,0.006678026996612112,0.1365446714517308,0.14322269844834293,0.5418371740403813,3.930671026408259,0.4535385450864193,13.036793201228997,0.7592777595697903,0.2174052515129663,0,hypothetical_simulation_output
40,arrival_multiplier_1.2,114,125,103,92,0.008223640587956245,14.758577080234282,14.76680072082224,15.786577276820605,18.03239202733867,74.48057732387889,91.11021245859996,1.0,0.31481756736054284,0,hypothetical_simulation_output
41,baseline,104,103,9,10,0.00739358994713704,0.029427478454697766,0.03682106840183481,0.12981532624258146,3.1775061481530833,0.15955796307461748,12.844924885958724,0.7554274567362979,0.2992638075516704,0,hypothetical_simulation_output
41,treatment_capacity_20,104,101,7,10,0.00739358994713704,0.0,0.00739358994713704,0.01593050347098318,3.1480786696983856,0.03203888977092717,12.657803187652982,0.6013618341389357,0.2992638075516704,0,hypothetical_simulation_output
41,triage_capacity_3,104,103,9,10,0.0012253699394669036,0.031782425008480816,0.03300779494794771,0.132305223745695,3.173692874699196,0.14303377810777343,12.835980039995311,0.7559011654240124,0.19950920503444694,0,hypothetical_simulation_output
41,boarding_duration_half,104,100,4,8,0.00739358994713704,0.00367079189054865,0.01106438183768569,0.025727881093303054,2.625979525341924,0.04794565462997132,10.294403516762598,0.6029956404393304,0.2992638075516704,0,hypothetical_simulation_output
41,treatment_duration_minus20pct,104,102,7,9,0.00739358994713704,0.0014069558551006787,0.008800545802237717,0.01593050347098318,2.7592809355683485,0.038135698476363444,11.257670842526679,0.6638129705591859,0.2992638075516704,0,hypothetical_simulation_output
41,capacity_12_sensitivity,104,101,61,64,0.00739358994713704,10.877841895515985,10.885235485463122,12.52508162948042,14.025920565214372,47.36000974305606,59.95853735815941,1.0,0.2992638075516704,0,hypothetical_simulation_output
41,treatment_duration_plus25pct,104,104,18,18,0.00739358994713704,0.6235972472509892,0.6309908371981263,1.2368284208219025,4.259431779430794,2.727765752770176,17.48334471505027,0.8848157091985471,0.2992638075516704,0,hypothetical_simulation_output
41,boarding_duration_plus50pct,104,112,30,22,0.00739358994713704,0.96823324054831,0.975626830495447,1.7113680445436046,4.642081846493706,4.675542819496407,20.48348791717346,0.9505885926608567,0.2992638075516704,0,hypothetical_simulation_output
41,arrival_multiplier_0.8,78,83,14,9,0.004002108918262464,0.20163384989639538,0.20563595881465785,0.727000601614145,3.980499256982205,0.668316866147638,12.369945882112603,0.7047202343960933,0.21305263281373557,0,hypothetical_simulation_output
41,arrival_multiplier_1.2,113,124,45,34,0.010298350834472808,2.8074902035073652,2.8177885543418384,5.199633255076401,5.95044841342345,15.390842338828946,32.0252718602974,1.0,0.3172147607342281,0,hypothetical_simulation_output
42,baseline,95,102,25,18,0.008237137572997487,0.3459276828225409,0.35416482039553837,0.8833693684428511,3.6091981027366926,1.733039971851338,15.749973281616631,0.8422744057042588,0.2702714092485774,0,hypothetical_simulation_output
42,treatment_capacity_20,95,91,13,17,0.008237137572997487,0.01070057729327531,0.018937714866272794,0.06933154012576781,3.273970997207428,0.07496178801232982,12.840200389017673,0.6112347891254094,0.2702714092485774,0,hypothetical_simulation_output
42,triage_capacity_3,95,102,25,18,0.0012173435445797503,0.3379778611434568,0.33919520468803654,0.8627358916362486,3.5942284870291923,1.6727388364850586,15.702289293988338,0.8430629774378829,0.1801809394990516,0,hypothetical_simulation_output
42,boarding_duration_half,95,93,11,13,0.008237137572997487,0.03877266219436317,0.04700979976736065,0.15547160872963617,2.6967408636754775,0.18608045741246926,10.551356373460683,0.6140458185969412,0.2702714092485774,0,hypothetical_simulation_output
42,treatment_duration_minus20pct,95,97,16,14,0.008237137572997487,0.0680928075411361,0.07632994511413357,0.38355871533960906,2.949789095505394,0.30213936607677877,11.970073239656957,0.695461940942689,0.2702714092485774,0,hypothetical_simulation_output
42,capacity_12_sensitivity,95,93,114,116,0.008237137572997487,24.701586925352892,24.709824062925893,26.757024826751593,27.964857345267053,94.80155802595344,107.34210084445061,1.0,0.2702714092485774,0,hypothetical_simulation_output
42,treatment_duration_plus25pct,95,105,39,29,0.008237137572997487,1.4053026328641147,1.4135397704371122,2.4604157693610893,5.145540717715637,7.249086247835389,23.722233209934686,0.9957877589751339,0.2702714092485774,0,hypothetical_simulation_output
42,boarding_duration_plus50pct,95,103,60,52,0.008237137572997487,6.765177194500414,6.77341433207341,8.110071467546152,10.633749832847608,29.826651672209934,46.367194490707085,1.0,0.2702714092485774,0,hypothetical_simulation_output
42,arrival_multiplier_0.8,77,79,15,13,0.0014341578989901732,0.009239412192933024,0.010673570091923197,0.0035619606987609487,3.299505232182536,0.034244370711586924,9.992573017708201,0.5971384865702131,0.20205643093660206,0,hypothetical_simulation_output
42,arrival_multiplier_1.2,118,119,50,49,0.015227915674563374,5.345417984047795,5.36064589972236,9.477789960034391,8.929534698501268,24.999425388271657,41.65705725039242,1.0,0.32881593106038015,0,hypothetical_simulation_output
43,baseline,98,93,20,25,0.005753515868776174,1.3702905099443383,1.3760440258131146,3.1422264619299427,5.276124043452244,5.457859228549874,20.269805153995225,0.8918447730367514,0.27121477842866487,0,hypothetical_simulation_output
43,treatment_capacity_20,98,95,12,15,0.005753515868776174,0.22870045340946704,0.23445396927824322,0.7119509698679678,4.134533986917372,0.9573537078861598,15.91256296643108,0.7206389850843797,0.27121477842866487,0,hypothetical_simulation_output
43,triage_capacity_3,98,94,20,24,0.00022444031430045563,1.375374275312181,1.3755987156264815,3.111825027373473,5.275678733265612,5.450610503823376,20.255594347004845,0.8914096428952587,0.18080985228577656,0,hypothetical_simulation_output
43,boarding_duration_half,98,97,8,9,0.005753515868776174,0.43276248950153545,0.43851600537031166,1.2751955440704676,3.583625316061603,1.7906070219287724,13.967750317902542,0.7271696086947775,0.27121477842866487,0,hypothetical_simulation_output
43,treatment_duration_minus20pct,98,95,13,16,0.005753515868776174,0.5657734778875462,0.5715269937563224,1.6243351439603628,4.0201472689418125,2.333735224504983,15.645020286274596,0.7980534690570176,0.27121477842866487,0,hypothetical_simulation_output
43,capacity_12_sensitivity,98,73,131,156,0.005753515868776174,36.70254202357266,36.70829553944144,41.39239467092893,40.608375557080564,125.53484712090973,138.07727667776706,1.0,0.27121477842866487,0,hypothetical_simulation_output
43,treatment_duration_plus25pct,98,97,46,47,0.005753515868776174,5.934413484197793,5.940167000066568,8.779176605074406,10.404571695772743,23.203815572558522,39.74624512941585,1.0,0.27121477842866487,0,hypothetical_simulation_output
43,boarding_duration_plus50pct,98,90,92,100,0.005753515868776174,19.753400827989555,19.75915434385833,22.875426907681575,24.414205068445302,76.99997011216892,93.54239966902627,1.0,0.27121477842866487,0,hypothetical_simulation_output
43,arrival_multiplier_0.8,85,81,11,15,0.004076914635022136,0.025984113081836527,0.030061027716858663,0.037983802468841275,3.283389477006928,0.1064661398305411,11.745787645175987,0.6964784036178134,0.24783352373021592,0,hypothetical_simulation_output
43,arrival_multiplier_1.2,103,108,71,66,0.007078357671934016,10.059727423771639,10.066805781443573,11.925695308718128,13.758245887586872,44.463942604861046,61.012741353573404,1.0,0.27439937435618056,0,hypothetical_simulation_output
44,baseline,93,87,16,22,0.010022475058916817,0.9708414893404747,0.9808639643993915,2.4949432002866154,4.837278257618216,3.59304600328147,16.875310366628565,0.7978987078451599,0.25794251891226594,0,hypothetical_simulation_output
44,treatment_capacity_20,93,91,14,16,0.010022475058916817,0.06254780401621164,0.07257027907512846,0.2668075260647071,3.928984572293954,0.2812098314161228,14.82081287727654,0.7011859004017943,0.25794251891226594,0,hypothetical_simulation_output
44,triage_capacity_3,93,87,16,22,0.0008941006405250612,0.9715355293346954,0.9724296299752204,2.465499935691235,4.828843923194046,3.5603420648473523,16.837746310364423,0.7975949504807837,0.17196167927484396,0,hypothetical_simulation_output
44,boarding_duration_half,93,92,12,13,0.010022475058916817,0.11631635628294841,0.12633883134186522,0.45380165037856834,3.2344949288932816,0.48956297144972777,12.409280509116863,0.7127395312401626,0.25794251891226594,0,hypothetical_simulation_output
44,treatment_duration_minus20pct,93,91,14,16,0.010022475058916817,0.41731302719503194,0.42733550225394873,1.3487473516633768,3.838396539628853,1.6559250712340514,14.023899856651434,0.7407556092245535,0.25794251891226594,0,hypothetical_simulation_output
44,capacity_12_sensitivity,93,86,101,108,0.010022475058916817,24.959940906000416,24.969963381059333,28.96076041381002,28.826377674278163,89.2962068518463,101.81209188967084,1.0,0.25794251891226594,0,hypothetical_simulation_output
44,treatment_duration_plus25pct,93,88,25,30,0.010022475058916817,2.043604752978571,2.0536272280374877,4.561747592433545,6.466733091061214,7.154436156816309,22.59639707204398,0.9328797423376963,0.25794251891226594,0,hypothetical_simulation_output
44,boarding_duration_plus50pct,93,101,47,39,0.010022475058916817,5.26512006930528,5.275142544364196,8.398788656471362,9.87981503325043,20.16228674738714,36.67817178521167,1.0,0.25794251891226594,0,hypothetical_simulation_output
44,arrival_multiplier_0.8,79,72,8,15,0.009305030126531,0.2887093178322091,0.2980143479587401,0.7850378402531135,4.157589869126884,0.980963895364186,13.364638511467689,0.7470593404924527,0.21536258411213005,0,hypothetical_simulation_output
44,arrival_multiplier_1.2,112,105,87,94,0.005026568480325518,14.595963497713237,14.60099006619356,16.104845612786296,18.30120789013055,66.62938174095763,83.21916870293416,1.0,0.2948934809882691,0,hypothetical_simulation_output
45,baseline,91,87,11,15,0.007102935594679076,0.22572347867697207,0.23282641427165113,0.656988353654242,3.682507683184369,0.8828001541133439,13.499227491212343,0.7550109528670452,0.2681260456131381,0,hypothetical_simulation_output
45,treatment_capacity_20,91,88,11,14,0.007102935594679076,0.0009129387270678973,0.008015874321746974,0.036813460474775184,3.4576971432344643,0.030393523469957273,12.88362797957661,0.6158491182440187,0.2681260456131381,0,hypothetical_simulation_output
45,triage_capacity_3,91,87,11,15,0.0005891769931823687,0.22007087534159675,0.22066005233477912,0.6468476408695096,3.6703413212474962,0.8366693651027042,13.462934848386254,0.7556258370035799,0.1787506970754254,0,hypothetical_simulation_output
45,boarding_duration_half,91,90,10,11,0.007102935594679076,0.0002489163522972086,0.007351851946976284,0.03640777866652911,2.777584153668746,0.027875771965618412,10.512201379699881,0.6217545947817492,0.2681260456131381,0,hypothetical_simulation_output
45,treatment_duration_minus20pct,91,90,11,12,0.007102935594679076,0.03952735816499246,0.04663029375967154,0.17912394547030885,3.106440720358378,0.17680653050542125,11.462495306965431,0.6718397928271083,0.2681260456131381,0,hypothetical_simulation_output
45,capacity_12_sensitivity,91,84,124,131,0.007102935594679076,30.95480711589143,30.96191005148611,33.1210307766475,34.411591320398834,110.17925470858525,122.71550679981156,1.0,0.2681260456131381,0,hypothetical_simulation_output
45,treatment_duration_plus25pct,91,104,41,28,0.007102935594679076,3.2136484421716163,3.220751377766295,4.3259816260658965,7.157771199571523,14.079235656817433,30.61548774804371,1.0,0.2681260456131381,0,hypothetical_simulation_output
45,boarding_duration_plus50pct,91,96,72,67,0.007102935594679076,12.771109778357769,12.77821271395245,14.183511505465532,16.907342950056112,53.373620134547366,69.90987222577365,1.0,0.2681260456131381,0,hypothetical_simulation_output
45,arrival_multiplier_0.8,70,71,7,6,0.003910401978167702,0.005134993564375837,0.009045395542543539,0.0029641106778257576,3.4782419721403373,0.02638240366575199,9.697590147085904,0.5787840596287548,0.20533139468003783,0,hypothetical_simulation_output
45,arrival_multiplier_1.2,104,123,35,16,0.00611365841593152,0.5458348182122565,0.5519484766281881,1.2622527120001763,3.58733724732016,3.7094768658129134,19.279599616835153,0.9376670542230284,0.28372494172689616,0,hypothetical_simulation_output
46,baseline,89,89,13,13,0.005766605730325397,0.5785670167066077,0.5843336224369331,1.2634291623358482,3.911108757382159,2.1669038498702933,14.669991438680627,0.7505475561914062,0.24716334487391833,0,hypothetical_simulation_output
46,treatment_capacity_20,89,90,10,9,0.005766605730325397,0.043318490141089204,0.0490850958714146,0.09536849739139938,3.3758602308166408,0.18202389718982914,12.648645551399028,0.5986147482230683,0.24716334487391833,0,hypothetical_simulation_output
46,triage_capacity_3,89,90,13,12,0.0,0.5724270566793715,0.5724270566793715,1.2634291623358482,3.899202191624598,2.122750335186003,14.62674801950583,0.7506044371607491,0.1647755632492789,0,hypothetical_simulation_output
46,boarding_duration_half,89,89,7,7,0.005766605730325397,0.04237304295440041,0.04813964868472581,0.19219005393983365,2.7425660812046027,0.17851786387252488,10.281802336478977,0.6005598614286635,0.24716334487391833,0,hypothetical_simulation_output
46,treatment_duration_minus20pct,89,90,7,6,0.005766605730325397,0.1563957329078235,0.16216233863814888,0.6149637982566165,3.103182243416035,0.6013520057831355,11.665946288710707,0.6606417245737334,0.24716334487391833,0,hypothetical_simulation_output
46,capacity_12_sensitivity,89,88,82,83,0.005766605730325397,18.12898067407516,18.134747279805485,20.49429047495579,21.461522414750707,64.7729735621989,77.26730025194674,1.0,0.24716334487391833,0,hypothetical_simulation_output
46,treatment_duration_plus25pct,89,89,21,21,0.005766605730325397,1.5340345596328853,1.5398011653632107,2.7878305978661277,5.348770338017605,5.730475504136916,19.758985645501056,0.8458864657260191,0.24716334487391833,0,hypothetical_simulation_output
46,boarding_duration_plus50pct,89,87,22,24,0.005766605730325397,2.0458377886446595,2.051604394374985,3.356246706149187,6.010728231745559,7.5734747464358465,21.97509812474497,0.8692060430350802,0.24716334487391833,0,hypothetical_simulation_output
46,arrival_multiplier_0.8,77,74,11,14,0.0009307416965616421,0.005720706021949437,0.006651447718511079,0.0,3.7402424586643317,0.021340061430223045,11.323444250263298,0.6799394564468099,0.2115364428420564,0,hypothetical_simulation_output
46,arrival_multiplier_1.2,124,105,47,66,0.014568790186299082,6.639035197607278,6.653603987793578,9.48547703842867,10.117369974732263,29.215094788100643,45.892608007629185,1.0,0.3387566097642705,0,hypothetical_simulation_output
47,baseline,107,103,15,19,0.011756912130800696,0.8675004542002698,0.8792573663310705,2.022305838764618,3.9892740639055364,3.8450530788267017,17.81373797856119,0.8355756631708857,0.2997371445001609,0,hypothetical_simulation_output
47,treatment_capacity_20,107,110,13,10,0.011756912130800696,0.08629453734971973,0.09805144948052043,0.39482949843657045,3.208068147054987,0.43714604560065357,14.959528348056551,0.6961454006727786,0.2997371445001609,0,hypothetical_simulation_output
47,triage_capacity_3,107,103,15,19,0.0007960901833996559,0.8779870015320362,0.8787830917154359,2.0054419068761775,3.9887997892899025,3.839524619465813,17.805611898290188,0.8354133118640034,0.1998247630001073,0,hypothetical_simulation_output
47,boarding_duration_half,107,108,10,9,0.011756912130800696,0.1525366823835241,0.1642935945143248,0.6045123030492789,2.733821046099754,0.7324756088763648,12.895241675427846,0.7227057360969473,0.2997371445001609,0,hypothetical_simulation_output
47,treatment_duration_minus20pct,107,107,10,10,0.011756912130800696,0.24012899155731104,0.25188590368811176,0.8082135497196534,2.982987264696585,1.1229913206094981,13.687665836868591,0.7478250142036735,0.2997371445001609,0,hypothetical_simulation_output
47,capacity_12_sensitivity,107,90,76,93,0.011756912130800696,17.023115424609312,17.034872336740108,20.262269581463936,20.14488903431458,63.871409697464486,76.47088398646481,1.0,0.2997371445001609,0,hypothetical_simulation_output
47,treatment_duration_plus25pct,107,102,29,34,0.011756912130800696,2.2463826673584806,2.2581395794892813,4.648224158759246,5.841800447771237,9.38862842798972,25.34735765872914,0.9599534338586938,0.2997371445001609,0,hypothetical_simulation_output
47,boarding_duration_plus50pct,107,104,32,35,0.011756912130800696,2.6575151724752444,2.6692720846060447,4.8745335145979825,6.31977802816955,11.543212807793315,28.05052159159668,0.9942396559251904,0.2997371445001609,0,hypothetical_simulation_output
47,arrival_multiplier_0.8,73,74,7,6,0.0043167413500890695,0.04693920880532103,0.0512559501554101,0.1351191534348912,3.331516329590226,0.15590351505603905,10.341126509684562,0.6112860643527396,0.20232298249234462,0,hypothetical_simulation_output
47,arrival_multiplier_1.2,104,113,44,35,0.004621393370784086,3.135875518201115,3.140496911571899,5.634318804193873,6.966400342171524,15.51478108848822,32.09528055827733,1.0,0.2902497348945576,0,hypothetical_simulation_output
48,baseline,98,98,27,27,0.006161794155400109,1.216545467992616,1.222707262148016,2.930590715068996,4.891424877584633,4.7631189354405805,18.978360118694713,0.8534714638518031,0.2798488808126436,0,hypothetical_simulation_output
48,treatment_capacity_20,98,90,11,19,0.006161794155400109,0.33917521818610086,0.345337012341501,1.1874817929177424,4.014054627778118,1.4101261337277957,15.71194535055089,0.6871060727598906,0.2798488808126436,0,hypothetical_simulation_output
48,triage_capacity_3,98,97,26,27,0.0009929796092028576,1.222988815017723,1.2239817946269258,2.930590715068996,4.8926994100635435,4.758050627000177,18.96504684700135,0.8529561536484932,0.18656592054176238,0,hypothetical_simulation_output
48,boarding_duration_half,98,96,11,13,0.006161794155400109,0.402470173618677,0.40863196777407707,1.272539963142745,3.3203182497739707,1.6685805350774814,13.098887021342899,0.679413045290008,0.2798488808126436,0,hypothetical_simulation_output
48,treatment_duration_minus20pct,98,93,14,19,0.006161794155400109,0.7011021834426755,0.7072639775980756,1.80045045837833,3.9724643712384,2.83010360133294,15.22821547231893,0.7399008818350441,0.2798488808126436,0,hypothetical_simulation_output
48,capacity_12_sensitivity,98,90,131,139,0.006161794155400109,31.066765142085917,31.072926936241316,34.9361197599827,34.741644551677936,116.33933272532715,128.89903048695246,1.0,0.2798488808126436,0,hypothetical_simulation_output
48,treatment_duration_plus25pct,98,106,52,44,0.006161794155400109,6.107133002762229,6.1132947969176294,8.554284203553097,10.286408939599614,26.048401824393675,42.60809958601896,1.0,0.2798488808126436,0,hypothetical_simulation_output
48,boarding_duration_plus50pct,98,101,73,70,0.006161794155400109,12.353645132979066,12.359806927134462,15.313645325539413,16.785555876007805,50.26491254500403,66.82461030662934,1.0,0.2798488808126436,0,hypothetical_simulation_output
48,arrival_multiplier_0.8,75,70,7,12,0.006405218190848245,0.009956239970667108,0.016361458161515352,0.05401005482706308,4.023519343589255,0.05112955675473548,11.468275748280911,0.6877287377860632,0.206743193474581,0,hypothetical_simulation_output
48,arrival_multiplier_1.2,126,113,44,57,0.015358669252585002,5.384456906972274,5.399815576224859,8.408026250917686,8.908183125764063,24.555739362601372,41.30694596122414,1.0,0.37560329931137976,0,hypothetical_simulation_output
49,baseline,106,112,26,20,0.011031902871294269,2.050919417659171,2.0619513205304654,3.2188632326580944,5.287990314622173,9.34102991110728,25.903341949271844,0.9983130512104106,0.29465160939899526,0,hypothetical_simulation_output
49,treatment_capacity_20,106,112,15,9,0.011031902871294269,0.2411044503260833,0.25213635319737754,0.8940621853150645,3.4781753472890853,1.113602226621751,17.6449007743696,0.7970997664474929,0.29465160939899526,0,hypothetical_simulation_output
49,triage_capacity_3,106,111,25,20,0.00025181164274986603,2.0634871152304273,2.063738926873177,3.1869376429494736,5.289777920964886,9.348524396409431,25.914312637040677,0.9985303138645786,0.19643440626599684,0,hypothetical_simulation_output
49,boarding_duration_half,106,115,14,5,0.011031902871294269,0.412165023847519,0.4231969267188133,1.2047381945979225,3.096861815484272,1.8691197596747589,15.344136430003836,0.8053570907206927,0.29465160939899526,0,hypothetical_simulation_output
49,treatment_duration_minus20pct,106,116,18,8,0.011031902871294269,0.5359342546476086,0.5469661575189029,1.2727819120482877,3.3754324236985274,2.4303305798811046,17.22317734144074,0.8877214714226026,0.29465160939899526,0,hypothetical_simulation_output
49,capacity_12_sensitivity,106,85,99,120,0.011031902871294269,29.320269791315063,29.33130169418636,32.75483956716121,32.55734068827807,95.22410924505554,107.81341246385357,1.0,0.29465160939899526,0,hypothetical_simulation_output
49,treatment_duration_plus25pct,106,90,33,49,0.011031902871294269,6.595448358742462,6.606480261613756,8.940766054335569,10.329485165595568,25.844949274012233,42.434252492810224,1.0,0.29465160939899526,0,hypothetical_simulation_output
49,boarding_duration_plus50pct,106,82,47,71,0.011031902871294269,10.47377019007916,10.484802092950451,12.85355466934601,14.263215192368412,38.985179471888735,55.57448269068672,1.0,0.29465160939899526,0,hypothetical_simulation_output
49,arrival_multiplier_0.8,74,73,13,14,0.015099628780612613,0.06561300910027551,0.08071263788088812,0.3654408495882167,3.801590913577653,0.24886396679940503,11.468848129213768,0.673959517614288,0.2183159402928787,0,hypothetical_simulation_output
49,arrival_multiplier_1.2,103,105,51,49,0.00876061219378685,5.366511802112628,5.375272414306415,7.552637990457924,9.42710568818916,22.393472558341944,38.94543609569407,1.0,0.2759817686760642,0,hypothetical_simulation_output
50,baseline,98,86,13,25,0.0037855747442804085,0.5916789020700014,0.5954644768142818,1.6065004317785168,4.402926061457784,2.1173338494370775,15.955853916600171,0.832329954567253,0.2606203970435228,0,hypothetical_simulation_output
50,treatment_capacity_20,98,91,12,19,0.0037855747442804085,0.0728452531073574,0.0766308278516378,0.2871245743166779,3.88409241249514,0.31290921372752106,14.686456762561258,0.6926153377373346,0.2606203970435228,0,hypothetical_simulation_output
50,triage_capacity_3,98,86,13,25,0.0,0.5881493361706134,0.5881493361706134,1.6065004317785168,4.395610920814115,2.0893249381383256,15.935869803858585,0.8328315044770761,0.17374693136234853,0,hypothetical_simulation_output
50,boarding_duration_half,98,89,7,16,0.0037855747442804085,0.1325851385193442,0.13637071326362463,0.5118062856408272,3.1830906820394675,0.5568470791598005,12.132797322390132,0.6909193405714559,0.2606203970435228,0,hypothetical_simulation_output
50,treatment_duration_minus20pct,98,91,11,18,0.0037855747442804085,0.2133893155116102,0.2171748902558906,0.6976966919824064,3.5930209522362335,0.8346950046651216,13.365667749779059,0.7506082469391812,0.2606203970435228,0,hypothetical_simulation_output
50,capacity_12_sensitivity,98,93,103,108,0.0037855747442804085,23.5686097851808,23.57239535992508,27.109484846957756,27.379856944568576,82.62158319979564,95.14282399388269,1.0,0.2606203970435228,0,hypothetical_simulation_output
50,treatment_duration_plus25pct,98,90,24,32,0.0037855747442804085,1.9415691971364406,1.9453547718807211,4.251163393083371,6.2923357598531755,6.504542029507117,21.90199718913617,0.9297633978463762,0.2606203970435228,0,hypothetical_simulation_output
50,boarding_duration_plus50pct,98,93,45,50,0.0037855747442804085,6.087532865173737,6.091318439918017,8.76116133005498,10.65952164042918,22.708482696943737,39.22972349103079,1.0,0.2606203970435228,0,hypothetical_simulation_output
50,arrival_multiplier_0.8,74,84,14,4,0.003105979542574168,0.0,0.003105979542574168,0.0,3.2302720137023013,0.00957677025627035,10.566065612499726,0.6351347116583429,0.19716672785498504,0,hypothetical_simulation_output
50,arrival_multiplier_1.2,96,115,49,30,0.0056800122936113695,2.6612095122568933,2.666889524550504,5.101825088013143,6.236191901161206,14.252352634068059,30.745245625465405,1.0,0.24644649569867325,0,hypothetical_simulation_output
51,baseline,102,97,18,23,0.008522664471181364,1.2190872889217932,1.2276099533929745,2.7001772104726487,4.915551682447327,5.061205855707798,20.4035889512698,0.9236666152497558,0.28185862578295584,0,hypothetical_simulation_output
51,treatment_capacity_20,102,98,8,12,0.008522664471181364,0.12079179060098855,0.1293144550721699,0.46180640336724255,3.817256184126522,0.5495864340567221,16.256343578888917,0.7571519946633141,0.28185862578295584,0,hypothetical_simulation_output
51,triage_capacity_3,102,97,18,23,0.0009443954515276408,1.2184716713144557,1.2194160667659832,2.735935163024775,4.907357795820337,5.0337354870304365,20.378093831365394,0.9237900682980653,0.18790575052197056,0,hypothetical_simulation_output
51,boarding_duration_half,102,100,7,9,0.008522664471181364,0.1478163402884662,0.15633900475964757,0.48170730413066853,3.04481709323849,0.6644407702285022,13.090704965891481,0.7414091840060667,0.28185862578295584,0,hypothetical_simulation_output
51,treatment_duration_minus20pct,102,98,9,13,0.008522664471181364,0.42028915682564505,0.42881182129682643,1.206006950727928,3.725478531432438,1.8224502405115122,15.895861099802923,0.8443558504828435,0.28185862578295584,0,hypothetical_simulation_output
51,capacity_12_sensitivity,102,87,60,75,0.008522664471181364,15.348467093034206,15.356989757505385,19.284880708734214,19.044931486559737,52.311752245368915,64.87546949693484,1.0,0.28185862578295584,0,hypothetical_simulation_output
51,treatment_duration_plus25pct,102,94,31,39,0.008522664471181364,3.4522190833137407,3.460741747784922,5.805572168329071,7.637777250487699,13.324308376618609,29.886862546969137,0.9999273074240383,0.28185862578295584,0,hypothetical_simulation_output
51,boarding_duration_plus50pct,102,96,36,42,0.008522664471181364,5.2011049463883925,5.209627610859575,8.347037132137416,9.697032980489437,18.904365882230923,35.46808313379683,1.0,0.28185862578295584,0,hypothetical_simulation_output
51,arrival_multiplier_0.8,90,75,7,22,0.006689705796736057,0.6658271563355186,0.6725168621322546,1.9063074980518395,4.610130728671819,2.413689920883128,14.99121282500174,0.7549619753487483,0.24906564926931965,0,hypothetical_simulation_output
51,arrival_multiplier_1.2,123,120,59,62,0.03913994262356068,6.559054121364982,6.598194063988541,11.260558869904452,10.307969134870763,28.149345711857645,44.83392555717206,1.0,0.3422899226572132,0,hypothetical_simulation_output
52,baseline,94,98,25,21,0.01895402657860637,1.5762875098055005,1.5952415363841068,2.7196343464624677,5.279521612372434,6.312480702892098,20.12274711928422,0.8280741886857034,0.2805396987104339,0,hypothetical_simulation_output
52,treatment_capacity_20,94,91,14,17,0.01895402657860637,0.3792614568355948,0.39821548341420115,1.3188187519499166,4.082495559402529,1.5596773100389545,15.239002575886579,0.6559122934213377,0.2805396987104339,0,hypothetical_simulation_output
52,triage_capacity_3,94,98,25,21,0.002455597141720427,1.5901554974234493,1.5926110945651697,2.726994857082417,5.2768911705534975,6.314914298845498,20.128783477889524,0.8282993613514472,0.18702646580695592,0,hypothetical_simulation_output
52,boarding_duration_half,94,92,12,14,0.01895402657860637,0.4989136685186652,0.5178676950972716,1.5625435529513654,3.472241631987003,2.02831513913098,13.635560214320208,0.6903853548605227,0.2805396987104339,0,hypothetical_simulation_output
52,treatment_duration_minus20pct,94,95,16,15,0.01895402657860637,0.6994889031088618,0.7184429296874681,1.7238360468954852,3.9861660740158595,2.8139014746092506,14.973777134740658,0.724924766419409,0.2805396987104339,0,hypothetical_simulation_output
52,capacity_12_sensitivity,94,85,111,120,0.01895402657860637,27.538570363588335,27.557524390166932,30.048252973490587,31.241804466155266,93.1859340048959,105.74701340231677,1.0,0.2805396987104339,0,hypothetical_simulation_output
52,treatment_duration_plus25pct,94,100,40,34,0.01895402657860637,3.3006046102601236,3.3195586368387304,5.008955211282938,7.524534877401974,13.864477202619533,30.35933384354021,0.9958610777187381,0.2805396987104339,0,hypothetical_simulation_output
52,boarding_duration_plus50pct,94,94,59,59,0.01895402657860637,8.57860079789068,8.597554824469286,10.302129267258191,13.01174103955621,35.141652953038744,51.702732350459605,1.0,0.2805396987104339,0,hypothetical_simulation_output
52,arrival_multiplier_0.8,70,74,12,8,0.007111188233208818,0.0021140492668718838,0.009225237500080702,0.0,2.928411369463011,0.02690694270856871,8.776368526036535,0.5214653248353234,0.20300819298139614,0,hypothetical_simulation_output
52,arrival_multiplier_1.2,125,116,40,49,0.02304581947397719,3.6036856740301566,3.626731493504134,6.1756415302239756,6.985460192173919,17.38152886813491,34.081356196524204,1.0,0.3499136641946479,0,hypothetical_simulation_output
53,baseline,111,92,14,33,0.011256093384366186,1.6787503115106213,1.6900064048949874,3.6861421412660036,5.444787129221387,6.689498175426125,20.18538996374755,0.805175708404934,0.3065402269212427,0,hypothetical_simulation_output
53,treatment_capacity_20,111,103,11,19,0.011256093384366186,0.22164287501281044,0.23289896839717664,0.7972096264367963,3.9876796927235763,1.0771577288369418,16.249998079714874,0.7279879948517725,0.3065402269212427,0,hypothetical_simulation_output
53,triage_capacity_3,111,92,14,33,0.00038541723486366355,1.6832644087022632,1.6836498259371269,3.6358239332778624,5.438430550263528,6.664186788357593,20.16348061345113,0.8053883357031907,0.2043601512808285,0,hypothetical_simulation_output
53,boarding_duration_half,111,98,6,19,0.011256093384366186,0.4693985463411713,0.4806546397255375,1.1997855681473766,3.5693487958567296,2.1944413849739646,14.775245546680816,0.7479827317415232,0.3065402269212427,0,hypothetical_simulation_output
53,treatment_duration_minus20pct,111,101,11,21,0.011256093384366186,0.617119446441586,0.6283755398259522,1.4373611700294475,3.925146333758344,2.804988881226606,15.578724657214925,0.7600409576341146,0.3065402269212427,0,hypothetical_simulation_output
53,capacity_12_sensitivity,111,90,87,108,0.011256093384366186,21.818950438629436,21.830206532013804,26.783788452040312,25.5849872563402,76.09963323413268,88.71271368797517,1.0,0.3065402269212427,0,hypothetical_simulation_output
53,treatment_duration_plus25pct,111,90,23,44,0.011256093384366186,3.170357966023318,3.181614059407683,6.506302539803613,7.50890719672659,10.810683702438375,25.892147992892536,0.9042739897882299,0.3065402269212427,0,hypothetical_simulation_output
53,boarding_duration_plus50pct,111,97,30,44,0.011256093384366186,3.0999332871586236,3.1111893805429904,6.411616306701234,7.532056673064597,11.42839865706627,27.679016492594997,0.9773460863553899,0.3065402269212427,0,hypothetical_simulation_output
53,arrival_multiplier_0.8,69,75,18,12,0.005501918109514315,0.0028295462621189395,0.008331464371633254,0.02967683912469853,3.4822601647826423,0.028471801389122458,11.403158066594868,0.6863391162882015,0.19663020229726058,0,hypothetical_simulation_output
53,arrival_multiplier_1.2,103,118,33,18,0.006009023250721143,0.48243457213617713,0.48844359538689824,1.2826571667285236,3.7587821656864135,3.118433012538548,18.4885555525899,0.9245996653084058,0.28826394755842877,0,hypothetical_simulation_output
54,baseline,95,95,19,19,0.009269483149530576,0.5083420137958429,0.5176114969453735,1.6537613981920063,4.152528711472916,2.0251652053364553,15.72981311884447,0.8232209670209997,0.2665562205860101,0,hypothetical_simulation_output
54,treatment_capacity_20,95,94,14,15,0.009269483149530576,0.03280994797274783,0.04207943112227841,0.10691421014400372,3.6769966456498206,0.1665644148590187,13.661511108702816,0.6480917126335889,0.2665562205860101,0,hypothetical_simulation_output
54,triage_capacity_3,95,94,18,19,0.0005012967716604515,0.5080044294066669,0.5085057261783273,1.6365411156510903,4.14342294070587,1.9989137135257369,15.714804265135863,0.8239236319023817,0.17770414705734006,0,hypothetical_simulation_output
54,boarding_duration_half,95,90,9,14,0.009269483149530576,0.04310491875105467,0.05237440190058524,0.20743357030403348,2.924349226537519,0.20731534085648326,10.992782228157566,0.6407721528830664,0.2665562205860101,0,hypothetical_simulation_output
54,treatment_duration_minus20pct,95,95,14,14,0.009269483149530576,0.20415136591903374,0.21342084906856432,0.6633991863394159,3.4535375050494106,0.8447908608964004,12.911420615141367,0.720844832067059,0.2665562205860101,0,hypothetical_simulation_output
54,capacity_12_sensitivity,95,83,103,115,0.009269483149530576,26.382954521935638,26.392224005085165,29.57320216114701,30.027141219612695,86.9907329654875,99.52384540665952,1.0,0.2665562205860101,0,hypothetical_simulation_output
54,treatment_duration_plus25pct,95,95,38,38,0.009269483149530576,3.995214494712304,4.004483977861835,5.833363574435045,8.132901890572743,16.092312579504917,32.625425020676936,1.0,0.2665562205860101,0,hypothetical_simulation_output
54,boarding_duration_plus50pct,95,86,49,58,0.009269483149530576,9.759403292580316,9.768672775729845,11.821725319009648,14.166532380147991,34.93339610143514,51.46650854260715,1.0,0.2665562205860101,0,hypothetical_simulation_output
54,arrival_multiplier_0.8,84,81,13,16,0.0014961809837887227,0.24275491313509975,0.24425109411888848,0.8180030083744952,3.8785212118291486,0.8548788294161097,13.862357547717963,0.7843138666647421,0.22922842583298872,0,hypothetical_simulation_output
54,arrival_multiplier_1.2,118,109,48,57,0.005578665512933,6.203819593081808,6.2093982585947405,8.822299389645105,9.784836789090438,26.586924783124534,43.22227741345912,1.0,0.31767631516728717,0,hypothetical_simulation_output
55,baseline,103,95,22,30,0.015346107578108325,1.3769037780550104,1.3922498856331187,3.8160046024968257,5.479847104686921,5.4387582687846345,20.287471257851777,0.8908472003268825,0.29757889191851145,0,hypothetical_simulation_output
55,treatment_capacity_20,103,99,15,19,0.015346107578108325,0.4797200689630196,0.49506617654112794,1.734399866747128,4.58266339559493,2.124659007655674,17.680984673009718,0.7480583940758512,0.29757889191851145,0,hypothetical_simulation_output
55,triage_capacity_3,103,95,22,30,0.0017833951038517281,1.3674774855126557,1.3692608806165074,3.7913039909299515,5.456858099670308,5.357523839265833,20.221663276898227,0.8918113533622106,0.1983859279456743,0,hypothetical_simulation_output
55,boarding_duration_half,103,100,13,16,0.015346107578108325,0.4867821513927606,0.5021282589708689,1.650142449510002,3.6232478975518103,2.1549671114166458,14.600847049712144,0.7406701346536547,0.29757889191851145,0,hypothetical_simulation_output
55,treatment_duration_minus20pct,103,97,15,21,0.015346107578108325,0.8771684766895067,0.8925145842676151,2.549606281417482,4.576888508575017,3.700086992495283,17.092769600710884,0.7998453015236612,0.29757889191851145,0,hypothetical_simulation_output
55,capacity_12_sensitivity,103,72,107,138,0.015346107578108325,31.70037694556772,31.71572305314583,36.46816066084723,35.80332027219964,104.88273173723486,117.47788952107187,1.0,0.29757889191851145,0,hypothetical_simulation_output
55,treatment_duration_plus25pct,103,94,35,44,0.015346107578108325,3.950412911224244,3.965759018802353,7.479464742989585,8.557385356289156,15.037343521442764,31.632501305279792,1.0,0.29757889191851145,0,hypothetical_simulation_output
55,boarding_duration_plus50pct,103,97,59,65,0.015346107578108325,11.264636613853742,11.27998272143185,15.407859450872753,16.33405752095851,41.5718221432565,58.16697992709353,1.0,0.29757889191851145,0,hypothetical_simulation_output
55,arrival_multiplier_0.8,82,77,5,10,0.001565319563517264,0.0031524553779229475,0.0047177749414402115,0.0,3.3721993557973704,0.016119064383254056,10.950333752394096,0.6554650478394809,0.2233869612895738,0,hypothetical_simulation_output
55,arrival_multiplier_1.2,103,108,73,68,0.008537097591563805,10.996793023850838,11.005330121442396,12.958752204175564,14.473475350100413,52.19498854483107,68.7976316516058,1.0,0.30132155338736233,0,hypothetical_simulation_output
56,baseline,83,78,14,19,0.0029943702868908658,0.09071828453637526,0.09371265482326613,0.26571213227724094,3.873916041918276,0.306603355459617,12.258237794328958,0.7185067176381553,0.22776347832942712,0,hypothetical_simulation_output
56,treatment_capacity_20,83,79,13,17,0.0029943702868908658,0.002780290590430101,0.005774660877320967,0.0,3.785978047972331,0.01997070220073501,12.056499306970371,0.579050082405539,0.22776347832942712,0,hypothetical_simulation_output
56,triage_capacity_3,83,78,14,19,0.0004917379001925104,0.09232146374622228,0.0928132016464148,0.26571213227724094,3.8730165887414247,0.30349274655633945,12.258237794328958,0.7187011306946104,0.15184231888628474,0,hypothetical_simulation_output
56,boarding_duration_half,83,78,11,16,0.0029943702868908658,0.030479890250860425,0.033474260537751294,0.0,3.0417350923359767,0.11576515102638989,9.879539027142842,0.5817654324660999,0.22776347832942712,0,hypothetical_simulation_output
56,treatment_duration_minus20pct,83,79,12,16,0.0029943702868908658,0.029846192522228077,0.03284056280911894,0.0,3.3919956867311534,0.11357361304820301,10.897632359810837,0.6455332368814862,0.22776347832942712,0,hypothetical_simulation_output
56,capacity_12_sensitivity,83,85,52,50,0.0029943702868908658,8.980711418323718,8.983705788610608,10.785702120282599,12.76390917570562,31.83735930211311,44.292886258771965,1.0,0.22776347832942712,0,hypothetical_simulation_output
56,treatment_duration_plus25pct,83,80,18,21,0.0029943702868908658,0.3704080491928169,0.37340241947970776,1.0473051571766117,4.679916135540935,1.0929154789618956,14.732488111370316,0.824002854734348,0.22776347832942712,0,hypothetical_simulation_output
56,boarding_duration_plus50pct,83,82,22,23,0.0029943702868908658,0.6294984385451531,0.632492808832044,1.4312558834270077,5.18463875122384,2.023607747100384,16.372872651747212,0.8683586217492483,0.22776347832942712,0,hypothetical_simulation_output
56,arrival_multiplier_0.8,60,60,5,5,0.004532584693542674,0.0,0.004532584693542674,0.0003834133173484188,3.8443608220035674,0.011331461733856685,9.920130134809424,0.5985078725326566,0.1663363562765312,0,hypothetical_simulation_output
56,arrival_multiplier_1.2,114,113,26,27,0.014600417128322937,1.8956116306899988,1.9102120478183218,3.717478245703544,5.380619609564667,9.010893405429584,25.16481118760426,0.9718421579989309,0.3022216270958917,0,hypothetical_simulation_output
57,baseline,96,100,21,17,0.0048797580732540995,0.1050149992237334,0.1098947572969875,0.4811368003360883,3.254665357083653,0.5710433708468882,13.68666263748343,0.7855327042001626,0.2735479997169712,0,hypothetical_simulation_output
57,treatment_capacity_20,96,99,20,17,0.0048797580732540995,0.0012233006825193016,0.006103058755773401,0.0005132548569122264,3.1508736585424386,0.024412235023093604,12.77513499619362,0.6101813380868292,0.2735479997169712,0,hypothetical_simulation_output
57,triage_capacity_3,96,101,22,17,0.0,0.10397641874772152,0.10397641874772152,0.4690861858160673,3.2487470185343867,0.569791435302264,13.689188866274458,0.785768839471141,0.18236533314464745,0,hypothetical_simulation_output
57,boarding_duration_half,96,97,16,15,0.0048797580732540995,0.015693371810674723,0.020573129883928825,0.10035091203594959,2.509141746941964,0.0822925195357153,10.035771254745534,0.5878989209859923,0.2735479997169712,0,hypothetical_simulation_output
57,treatment_duration_minus20pct,96,100,19,15,0.0048797580732540995,0.025160155848134618,0.030039913921388717,0.058151991080265475,2.8359140797428886,0.12851382362066843,11.609881355078036,0.6833919707514641,0.2735479997169712,0,hypothetical_simulation_output
57,capacity_12_sensitivity,96,84,106,118,0.0048797580732540995,24.566805491798686,24.571685249871937,25.82497903206489,27.716455849658605,86.95567109927968,99.50276709871365,1.0,0.2735479997169712,0,hypothetical_simulation_output
57,treatment_duration_plus25pct,96,98,24,22,0.0048797580732540995,0.5392195526956872,0.5440993107689414,1.3236113477726974,4.112490453012067,2.355767758046486,17.00662213170722,0.8814848983891744,0.2735479997169712,0,hypothetical_simulation_output
57,boarding_duration_plus50pct,96,91,37,42,0.0048797580732540995,4.5239154929534005,4.528795251026654,5.649357239363852,8.32976783354195,18.91834447712537,35.4654404765593,1.0,0.2735479997169712,0,hypothetical_simulation_output
57,arrival_multiplier_0.8,76,72,12,16,0.007584107006053387,0.07791055103268718,0.08549465803874057,0.33655785726530496,4.186264688797993,0.27073308378934513,11.984317020754867,0.7060353597189293,0.20850909073132762,0,hypothetical_simulation_output
57,arrival_multiplier_1.2,110,109,69,70,0.014559085928793148,10.368565957575175,10.383125043503966,12.276297026110067,13.593809483006009,52.26023537154577,68.86451667308977,1.0,0.30214065077200125,0,hypothetical_simulation_output
58,baseline,90,90,13,13,0.01286476518717734,0.22562085796021797,0.2384856231473953,0.6994654194558338,3.810448867200712,0.8943210868027324,14.53321778287088,0.8221105592963945,0.24256387366291735,0,hypothetical_simulation_output
58,treatment_capacity_20,90,89,11,12,0.01286476518717734,0.0006451464501670519,0.013509911637344392,0.02404281302650592,3.585473155690661,0.05066216864004147,13.563812197111673,0.6514011140572897,0.24256387366291735,0,hypothetical_simulation_output
58,triage_capacity_3,90,90,13,13,0.002021088910161792,0.23309405145955142,0.2351151403697132,0.6994654194558338,3.8070783844230296,0.8816817763864245,14.524859868553898,0.8223781465526022,0.16170924910861156,0,hypothetical_simulation_output
58,boarding_duration_half,90,89,9,10,0.01286476518717734,0.03786323561962964,0.05072800080680698,0.11098404840272492,2.9046606033080176,0.19023000302552617,11.24769033986424,0.6607707868445549,0.24256387366291735,0,hypothetical_simulation_output
58,treatment_duration_minus20pct,90,89,9,10,0.01286476518717734,0.020886174531593662,0.033750939718771,0.10844518274237222,3.204407271439642,0.12656602394539126,11.925758218907609,0.7071290279772736,0.24256387366291735,0,hypothetical_simulation_output
58,capacity_12_sensitivity,90,84,87,93,0.01286476518717734,22.45107941148776,22.46394417667494,24.456418732673022,26.03590742072825,71.49890182338842,83.98402957071427,1.0,0.24256387366291735,0,hypothetical_simulation_output
58,treatment_duration_plus25pct,90,88,19,21,0.01286476518717734,1.3504723296562946,1.3633370948434718,2.765819589217188,5.4369339793123395,5.009908568690694,21.16712172921536,0.9795053383249269,0.24256387366291735,0,hypothetical_simulation_output
58,boarding_duration_plus50pct,90,86,30,34,0.01286476518717734,3.83559227595798,3.8484570411451577,5.179973556408612,8.13845092675058,14.064505689234812,30.549633436560644,1.0,0.24256387366291735,0,hypothetical_simulation_output
58,arrival_multiplier_0.8,70,66,8,12,0.009693534602919027,0.0,0.009693534602919027,0.03407097011150883,3.2736084294937187,0.02827280925851383,9.271568074942445,0.5525095710736944,0.2015710642524109,0,hypothetical_simulation_output
58,arrival_multiplier_1.2,116,109,45,52,0.007551220720504036,4.749904217375801,4.757455438096304,7.199454053471825,8.25525749935463,21.030941518329897,37.68109740552595,1.0,0.3250779435980296,0,hypothetical_simulation_output
59,baseline,84,88,20,16,0.005088431501906008,0.17642374670196573,0.18151217820387172,0.702727500987885,3.9736484246472448,0.7515935714012135,13.638053128422905,0.7762066353952389,0.23357669534893688,0,hypothetical_simulation_output
59,treatment_capacity_20,84,82,13,15,0.005088431501906008,0.0,0.005088431501906008,0.0,3.7972246779452803,0.01780951025667103,11.95873005104832,0.5736883575046886,0.23357669534893688,0,hypothetical_simulation_output
59,triage_capacity_3,84,88,20,16,0.0007909881410494027,0.17450783884327964,0.17529882698432905,0.702727500987885,3.9674350734277017,0.7439615402058593,13.642235376124043,0.7769450278262697,0.15571779689929124,0,hypothetical_simulation_output
59,boarding_duration_half,84,82,8,10,0.005088431501906008,0.003546152595631503,0.00863458409753751,0.0,3.022996427139903,0.030221044341381287,9.532878891288584,0.5647190285155831,0.23357669534893688,0,hypothetical_simulation_output
59,treatment_duration_minus20pct,84,85,14,13,0.005088431501906008,0.025180605842559583,0.03026903734446559,0.1013913028223357,3.402067154061527,0.10594163070562956,11.010519645703473,0.6523390390187481,0.23357669534893688,0,hypothetical_simulation_output
59,capacity_12_sensitivity,84,84,80,80,0.005088431501906008,17.844698031818535,17.84978646332044,20.095554859416556,21.641922709763815,64.88316038367891,77.35031377437677,1.0,0.23357669534893688,0,hypothetical_simulation_output
59,treatment_duration_plus25pct,84,94,31,21,0.005088431501906008,0.9584426273240481,0.9635310588259541,1.7294431116939564,5.281089967427214,4.451736469356999,20.028229496452,0.9443337272748206,0.23357669534893688,0,hypothetical_simulation_output
59,boarding_duration_plus50pct,84,94,46,36,0.005088431501906008,4.576873368639443,4.5819618001413485,5.886280115569482,9.151872449985731,18.490573395928358,34.95772678662624,1.0,0.23357669534893688,0,hypothetical_simulation_output
59,arrival_multiplier_0.8,72,64,6,14,0.008073033810006002,0.014785824618118207,0.02285885842812421,0.05533478947781987,3.8553149142774052,0.06857657528437262,10.176238622683892,0.6069471468429176,0.19825384895641798,0,hypothetical_simulation_output
59,arrival_multiplier_1.2,97,94,16,19,0.004782090690280572,0.4555691488904208,0.4603512395807014,1.3839142834603197,3.7428592598436476,1.8166255029575449,15.63438693660772,0.8293954926139463,0.27371677591351745,0,hypothetical_simulation_output
60,baseline,102,106,23,19,0.009821121676137402,0.6239567099272103,0.6337778316033477,1.4883948921244556,3.820661145636519,3.0385329416020497,16.945421636396656,0.8334796055592356,0.2856075029234179,0,hypothetical_simulation_output
60,treatment_capacity_20,102,105,18,15,0.009821121676137402,0.004271442550424242,0.014092564226561645,0.07216272195644258,3.200975878259733,0.059893397962886986,13.85119576363725,0.6610043679913763,0.2856075029234179,0,hypothetical_simulation_output
60,triage_capacity_3,102,106,23,19,0.0025695208007582705,0.6340434318665767,0.6366129526673351,1.543260832845812,3.823496266700507,3.0473048998013916,16.955558918550054,0.833564938306364,0.19040500194894527,0,hypothetical_simulation_output
60,boarding_duration_half,102,101,11,12,0.009821121676137402,0.03603634376894066,0.04585746544507806,0.18347419539020157,2.6308594824026628,0.19489422814158175,11.575054541606795,0.6755590817261486,0.2856075029234179,0,hypothetical_simulation_output
60,treatment_duration_minus20pct,102,107,20,15,0.009821121676137402,0.14956178309353024,0.15938290476966763,0.5789565537539658,2.9762540796192796,0.7172412103415778,12.85904015232876,0.7231614960087716,0.2856075029234179,0,hypothetical_simulation_output
60,capacity_12_sensitivity,102,85,86,103,0.009821121676137402,19.961456701374342,19.97127782305048,23.568127013597074,23.158161137083656,73.72202940442024,86.29324441026706,1.0,0.2856075029234179,0,hypothetical_simulation_output
60,treatment_duration_plus25pct,102,99,28,31,0.009821121676137402,1.7476122947885322,1.7574334164646697,3.6903518412861542,5.406831904477293,7.612839269888309,23.357954305260865,0.9483687518453575,0.2856075029234179,0,hypothetical_simulation_output
60,boarding_duration_plus50pct,102,102,31,31,0.009821121676137402,2.111696745054123,2.1215178667302603,4.363666629081901,5.910282477839019,9.493427425604109,26.03874048200255,0.9983811281594752,0.2856075029234179,0,hypothetical_simulation_output
60,arrival_multiplier_0.8,70,62,5,13,0.0022406119416180964,0.0,0.0022406119416180964,0.0,3.30666191294426,0.006535118163052782,8.710783798049135,0.519717371488,0.1943853680390409,0,hypothetical_simulation_output
60,arrival_multiplier_1.2,121,109,38,50,0.011498643190581219,4.714552315478125,4.726050958668707,7.142666327300162,8.09827420610293,21.896081855833412,38.54312118033806,1.0,0.3235196622523257,0,hypothetical_simulation_output
61,baseline,90,102,24,12,0.0029445786642475647,0.4186968836698602,0.4216414623341077,1.0809336394258116,3.8174914851952004,1.7366343040351258,15.487263807531534,0.8265874620606141,0.2626150552632917,0,hypothetical_simulation_output
61,treatment_capacity_20,90,93,13,10,0.0029445786642475647,0.009295775289869666,0.01224035395411723,0.022742754357969464,3.4080903768152098,0.04590132732793961,13.16453444013411,0.6296701501139793,0.2626150552632917,0,hypothetical_simulation_output
61,triage_capacity_3,90,102,24,12,0.0,0.41495726271724226,0.41495726271724226,1.0642621425138976,3.810807285578336,1.711070019752319,15.464501052275773,0.8267625576248042,0.17507670350886112,0,hypothetical_simulation_output
61,boarding_duration_half,90,92,11,9,0.0029445786642475647,0.07196463226500814,0.0749092109292557,0.32546888764650006,2.9464891166419527,0.2809095409847089,11.117863745790146,0.6444827558924284,0.2626150552632917,0,hypothetical_simulation_output
61,treatment_duration_minus20pct,90,94,12,8,0.0029445786642475647,0.08976200354501063,0.09270658220925819,0.4331195169104266,3.04695639160295,0.34764968328471824,11.947808259728111,0.6921830291198008,0.2626150552632917,0,hypothetical_simulation_output
61,capacity_12_sensitivity,90,85,86,91,0.0029445786642475647,20.377384853515913,20.380329432180165,22.874117550140788,23.77617945504125,77.42049608827271,89.94572619879928,1.0,0.2626150552632917,0,hypothetical_simulation_output
61,treatment_duration_plus25pct,90,103,36,23,0.0029445786642475647,1.4052715897211512,1.4082161683853986,2.8716792828609794,5.356066458080742,6.308974749415139,22.06792196435556,0.9521073190258651,0.2626150552632917,0,hypothetical_simulation_output
61,boarding_duration_plus50pct,90,102,44,32,0.0029445786642475647,3.441241637026853,3.4441862156911003,4.9590897189651635,7.364306355700592,15.549543808958054,32.074773919484635,1.0,0.2626150552632917,0,hypothetical_simulation_output
61,arrival_multiplier_0.8,68,63,4,9,0.0015953088833535222,0.0005337947792779453,0.0021291036626314673,0.0,3.3031528945439685,0.006032460377455824,8.998989126365109,0.5390423557041824,0.1841394873603678,0,hypothetical_simulation_output
61,arrival_multiplier_1.2,120,111,30,39,0.026130252351425062,3.1268260181527436,3.1529562705041694,5.673887900439084,6.568251125535101,14.459656016893952,31.141142923237023,1.0,0.3407434531715374,0,hypothetical_simulation_output
62,baseline,90,94,19,15,0.016160856263251352,0.362000068727653,0.37816092499090437,0.8835851357112121,4.062714825314455,1.4557464921241265,15.459753427166577,0.8452454908436202,0.24003954077226375,0,hypothetical_simulation_output
62,treatment_capacity_20,90,90,15,15,0.016160856263251352,0.01359882595784067,0.029759682221092022,0.09881327344733394,3.714313582544643,0.11159880832909508,14.246603085117007,0.6827462597621692,0.24003954077226375,0,hypothetical_simulation_output
62,triage_capacity_3,90,94,19,15,0.004865522462449058,0.3502300977776552,0.3550956202401042,0.8583093454488138,4.039649520563655,1.353544702130834,15.355585331891254,0.8451225967634933,0.1600263605148425,0,hypothetical_simulation_output
62,boarding_duration_half,90,92,13,11,0.016160856263251352,0.04460707324636151,0.060767929509612864,0.2307734150925258,3.113075785372569,0.22787973566104824,11.857545934553661,0.6968491948342553,0.24003954077226375,0,hypothetical_simulation_output
62,treatment_duration_minus20pct,90,93,15,12,0.016160856263251352,0.07413681592427615,0.0902976721875275,0.2866598419536076,3.316428450825769,0.33861627070322814,12.727881634211764,0.7443241426227507,0.24003954077226375,0,hypothetical_simulation_output
62,capacity_12_sensitivity,90,94,117,113,0.016160856263251352,26.765762826322714,26.781923682585973,29.45975867822648,30.46647758290952,95.81559446714158,108.29567354868611,1.0,0.24003954077226375,0,hypothetical_simulation_output
62,treatment_duration_plus25pct,90,101,41,30,0.016160856263251352,2.3919217425090578,2.408082598772309,3.7216997527645197,6.665665401202495,9.992827307209028,26.456331812685395,0.9989640889957402,0.24003954077226375,0,hypothetical_simulation_output
62,boarding_duration_plus50pct,90,101,54,43,0.016160856263251352,6.608334883689068,6.624495739952319,7.919999297948206,10.941295684736462,26.740744809495368,43.220823891039906,1.0,0.24003954077226375,0,hypothetical_simulation_output
62,arrival_multiplier_0.8,75,77,8,6,0.007066598194750592,0.18774783688423932,0.19481443507898993,0.8505350528138592,3.480324292064736,0.6087951096218435,10.666747865710711,0.6030993131532567,0.2041818728183801,0,hypothetical_simulation_output
62,arrival_multiplier_1.2,120,113,94,101,0.01668800882910091,16.139062592759952,16.15575060158905,17.846450718870148,19.531369380918612,77.96619924902383,94.64523778498535,1.0,0.3395192679807592,0,hypothetical_simulation_output
63,baseline,89,96,18,11,0.004446753828675634,0.1738392219091849,0.17828597573786054,0.7409391598524735,3.2666607979637936,0.7498871130359959,14.231982403860826,0.8123529976624638,0.24222366411270593,0,hypothetical_simulation_output
63,treatment_capacity_20,89,96,18,11,0.004446753828675634,0.0056974444510039185,0.010144198279679552,0.048256837791541364,3.0985190205056123,0.03761806862047834,13.11706488118081,0.6297499742167455,0.24222366411270593,0,hypothetical_simulation_output
63,triage_capacity_3,89,96,18,11,0.0006529069000466377,0.17291130225990833,0.17356420915995496,0.7279244943369918,3.2619390313858885,0.7323772286429294,14.209214147273803,0.8120243494003409,0.16148244274180396,0,hypothetical_simulation_output
63,boarding_duration_half,89,97,17,9,0.004446753828675634,0.020514309140892965,0.024961062969568598,0.08878050208791709,2.586196855210588,0.09727745100886646,10.81567171189713,0.6396216832914282,0.24222366411270593,0,hypothetical_simulation_output
63,treatment_duration_minus20pct,89,101,18,6,0.004446753828675634,0.04416075782406357,0.0486075116527392,0.1663078095390236,2.7562904777811825,0.188522349475272,11.46473517800628,0.6744853437690996,0.24222366411270593,0,hypothetical_simulation_output
63,capacity_12_sensitivity,89,79,88,98,0.004446753828675634,21.704690773371382,21.70913752720006,22.94062361526155,24.797512349425993,75.37765055381406,87.86209788203946,1.0,0.24222366411270593,0,hypothetical_simulation_output
63,treatment_duration_plus25pct,89,97,25,17,0.004446753828675634,1.1764695727385825,1.1809163265672582,2.2398041996180047,4.745155968915056,4.949398342284301,21.34734555891372,0.9945937430252503,0.24222366411270593,0,hypothetical_simulation_output
63,boarding_duration_plus50pct,89,95,28,22,0.004446753828675634,1.8035933533570803,1.808040107185756,2.9571761887791697,5.423553959396607,7.382847689827365,23.83347825884474,0.9978864525494974,0.24222366411270593,0,hypothetical_simulation_output
63,arrival_multiplier_0.8,61,66,13,8,0.003928016478916513,0.0,0.003928016478916513,0.0,3.099905784655066,0.00998370855057947,8.26616981309236,0.4948273727844837,0.16947406999502,0,hypothetical_simulation_output
63,arrival_multiplier_1.2,113,116,35,32,0.02378597482372778,2.4430197091751613,2.466805683998889,4.394563079594076,5.707762005823042,12.351974454789987,28.86384933970416,0.9924964840454703,0.3159655700933251,0,hypothetical_simulation_output
64,baseline,97,116,27,8,0.021650347609270974,0.21121734404423173,0.2328676916535027,0.6759048122615472,3.1098565593067797,1.482490417673952,15.894201261717933,0.8660002213291191,0.27785365138903845,0,hypothetical_simulation_output
64,treatment_capacity_20,97,107,18,8,0.021650347609270974,0.000494346390782185,0.022144694000053162,0.08161925235854715,2.8991335616533305,0.0895014715835482,12.956722388708746,0.6155756807173562,0.27785365138903845,0,hypothetical_simulation_output
64,triage_capacity_3,97,116,27,8,0.005023383166962255,0.22106303523007353,0.2260864183970358,0.7215662960351382,3.1030752860503124,1.4443296603746927,15.852222331146601,0.8657615854996147,0.1852357675926923,0,hypothetical_simulation_output
64,boarding_duration_half,97,105,13,5,0.021650347609270974,0.0034333310387283,0.025083678647999274,0.08956312905080498,2.3118294396586645,0.10137986786899707,9.984236041901239,0.5829468044533853,0.27785365138903845,0,hypothetical_simulation_output
64,treatment_duration_minus20pct,97,107,18,8,0.021650347609270974,0.03251119171893524,0.054161539328206214,0.19295725796098964,2.619348794183488,0.28839425368346977,12.185340247923124,0.7088274182163485,0.27785365138903845,0,hypothetical_simulation_output
64,capacity_12_sensitivity,97,83,87,101,0.021650347609270974,19.882939229414017,19.904589577023287,21.540865809381497,22.78157844467657,74.08685501643502,86.64256231921308,1.0,0.27785365138903845,0,hypothetical_simulation_output
64,treatment_duration_plus25pct,97,112,36,21,0.021650347609270974,1.9476259878223867,1.9692763354316576,2.6531170510418405,5.236017219082426,9.920990189482163,26.47669749226024,1.0,0.27785365138903845,0,hypothetical_simulation_output
64,boarding_duration_plus50pct,97,101,43,39,0.021650347609270974,5.4084457975042,5.430096145113471,6.341783286082915,8.897328119409359,24.094207926729144,40.64991522950722,1.0,0.27785365138903845,0,hypothetical_simulation_output
64,arrival_multiplier_0.8,74,71,9,12,0.006293271576723598,0.0,0.006293271576723598,0.0052430317858522864,3.7739600891329794,0.019404254028231094,9.925716157286482,0.5943171297337232,0.19861891375933993,0,hypothetical_simulation_output
64,arrival_multiplier_1.2,107,108,44,43,0.011363955807759995,3.5658891952467173,3.5772531510544776,5.328668563732532,7.17502921402114,16.802064054280226,33.405177037002254,1.0,0.3015564913610156,0,hypothetical_simulation_output
65,baseline,95,96,22,21,0.012012331642499343,1.2504088687207118,1.2624212003632111,3.114481712129515,4.819926102658246,4.800228920535338,17.970043867211864,0.7901289400266928,0.263875953124721,0,hypothetical_simulation_output
65,treatment_capacity_20,95,90,14,19,0.012012331642499343,0.30626338714222595,0.3182757187847253,0.9539711530373783,3.87578062107976,1.2598413868562044,14.88932025764989,0.6550863482272123,0.263875953124721,0,hypothetical_simulation_output
65,triage_capacity_3,95,96,22,21,0.003195757390563801,1.2550088933266446,1.2582046507172082,3.114481712129515,4.815709553012241,4.783662992175382,17.95371397599007,0.790143692347828,0.17591730208314735,0,hypothetical_simulation_output
65,boarding_duration_half,95,91,9,13,0.012012331642499343,0.26008458827837655,0.27209691992087587,0.83309791014795,3.1099906894710707,1.0770503080201337,12.298012524678555,0.6683256444005613,0.263875953124721,0,hypothetical_simulation_output
65,treatment_duration_minus20pct,95,88,12,19,0.012012331642499343,0.6793989162896564,0.6914112479321557,1.806769129047854,3.8514745642051595,2.6566765246827964,14.4203892219117,0.7022475494362165,0.263875953124721,0,hypothetical_simulation_output
65,capacity_12_sensitivity,95,88,50,57,0.012012331642499343,9.296422127061003,9.308434458703502,13.331703404952492,12.865939360998537,32.51265263178442,45.04040453803387,1.0,0.263875953124721,0,hypothetical_simulation_output
65,treatment_duration_plus25pct,95,94,32,33,0.012012331642499343,2.1945547471632683,2.2065670788057674,4.92136799147305,6.260873963628341,8.525556373312972,23.84442459849015,0.9244447699329837,0.263875953124721,0,hypothetical_simulation_output
65,boarding_duration_plus50pct,95,93,36,38,0.012012331642499343,2.833705788553273,2.8457181201957717,6.1808014025763445,7.122834155235644,10.927233944905828,27.08949293456132,0.9771566927128781,0.263875953124721,0,hypothetical_simulation_output
65,arrival_multiplier_0.8,81,80,10,11,0.00729282386549777,0.0,0.00729282386549777,0.01109710346599968,3.166848315910694,0.023501332409917808,10.757475509265197,0.6444037512209181,0.2117570786602941,0,hypothetical_simulation_output
65,arrival_multiplier_1.2,119,109,64,74,0.005521346313676095,10.65746066948289,10.662982015796567,13.170661850352577,14.505184398235263,48.85555908283563,65.52211276854808,1.0,0.33327684285622833,0,hypothetical_simulation_output
66,baseline,91,87,18,22,0.009889042091510735,1.5373487639848804,1.5472378060763912,2.9655242337798597,5.268142247006624,5.702778740645308,18.89086853884133,0.7906088214427399,0.2691743275560932,0,hypothetical_simulation_output
66,treatment_capacity_20,91,88,7,10,0.009889042091510735,0.32064194682088576,0.3305309889123965,1.2058552350772231,4.05143542984263,1.2532633329595033,15.208585038872172,0.6708486525400242,0.2691743275560932,0,hypothetical_simulation_output
66,triage_capacity_3,91,87,18,22,0.001991583827714169,1.5325501703116946,1.5345417541394089,2.9470138696206334,5.2554461950696405,5.6637364240090164,18.851921730641102,0.7906147907199936,0.17944955170406215,0,hypothetical_simulation_output
66,boarding_duration_half,91,93,7,5,0.009889042091510735,0.3988618704884162,0.40875091257992696,1.354095952225208,3.3573930308868865,1.5498472101988898,12.766074053228522,0.6673673867448403,0.2691743275560932,0,hypothetical_simulation_output
66,treatment_duration_minus20pct,91,85,7,13,0.009889042091510735,0.8779954984303203,0.887884540521831,1.9976599805571311,4.2019094348926735,3.366562216145276,15.528951528311998,0.7265025410659085,0.2691743275560932,0,hypothetical_simulation_output
66,capacity_12_sensitivity,91,76,52,67,0.009889042091510735,13.607526786101177,13.617415828192687,17.27470927064607,17.33832026912292,44.98319351209961,57.52154216721181,1.0,0.2691743275560932,0,hypothetical_simulation_output
66,treatment_duration_plus25pct,91,86,25,30,0.009889042091510735,2.484258521730453,2.4941475638219637,4.701013847314414,6.723651437951435,8.889188231025518,23.53982359275875,0.8820179191638156,0.2691743275560932,0,hypothetical_simulation_output
66,boarding_duration_plus50pct,91,80,25,36,0.009889042091510735,3.2422630387531206,3.2521520808446316,6.1519603049951,7.745318844398138,10.906131381855483,25.743244150334004,0.8936727570853952,0.2691743275560932,0,hypothetical_simulation_output
66,arrival_multiplier_0.8,67,67,10,10,0.004878844660822779,0.08145552949562275,0.08633437415644553,0.33937075699075187,3.660375364135728,0.2410167945200771,11.05173047780606,0.6521925166944458,0.18781670808742548,0,hypothetical_simulation_output
66,arrival_multiplier_1.2,122,106,20,36,0.007517849481369236,3.0536568077339354,3.0611746572153047,5.443979505546389,6.507951856428468,13.72648511682047,29.196879217548997,0.9243848891591893,0.3401179370907492,0,hypothetical_simulation_output
67,baseline,87,93,15,9,0.0055224724555478655,0.043001065008307825,0.048523537463855695,0.1652803812427752,3.334836377052851,0.17589782330647688,13.02773426764053,0.772211777623839,0.24822400117631518,0,hypothetical_simulation_output
67,treatment_capacity_20,87,91,13,9,0.0055224724555478655,0.0,0.0055224724555478655,0.021435319249417276,3.291835312044544,0.02001896265136101,12.799947347239984,0.6141740191117997,0.24822400117631518,0,hypothetical_simulation_output
67,triage_capacity_3,87,92,14,9,0.0007387974132579226,0.04471417361556971,0.04545297102882763,0.1652803812427752,3.331765810617823,0.16476701997950016,13.018963876583465,0.7723593033907082,0.1654826674508768,0,hypothetical_simulation_output
67,boarding_duration_half,87,93,11,5,0.0055224724555478655,0.0,0.0055224724555478655,0.021435319249417276,2.674829078029213,0.02001896265136101,10.301149217735198,0.6115426407957004,0.24822400117631518,0,hypothetical_simulation_output
67,treatment_duration_minus20pct,87,91,11,7,0.0055224724555478655,0.0030192714031764107,0.008541743858724277,0.021435319249417276,2.911580732717158,0.030963821487875503,11.267511775129607,0.6712562469555691,0.24822400117631518,0,hypothetical_simulation_output
67,capacity_12_sensitivity,87,86,126,127,0.0055224724555478655,32.54360571049862,32.54912818295417,33.75700175807434,35.83544102254316,110.62877346920345,123.12522147155613,1.0,0.24822400117631518,0,hypothetical_simulation_output
67,treatment_duration_plus25pct,87,99,52,40,0.0055224724555478655,7.052881251478591,7.0584037239341395,8.200249865087528,10.823808876936337,29.657228726986954,46.15367672933959,1.0,0.24822400117631518,0,hypothetical_simulation_output
67,boarding_duration_plus50pct,87,84,73,76,0.0055224724555478655,14.53346606023879,14.538988532694338,15.59883666805771,18.442307606298666,55.665006951639135,72.16145495399176,1.0,0.24822400117631518,0,hypothetical_simulation_output
67,arrival_multiplier_0.8,74,72,11,13,0.0095588944381863,0.4355319887901697,0.445090883228356,1.6899260255435393,4.252556595557785,1.3723635566207644,12.50501580234686,0.6696821719230853,0.20886874747836437,0,hypothetical_simulation_output
67,arrival_multiplier_1.2,112,94,28,46,0.010658349655235964,2.971685353774787,2.982343703430023,6.275865108796768,6.6840972242071945,10.87995826833483,26.90464134449857,0.9607888247658223,0.32603093995529225,0,hypothetical_simulation_output
68,baseline,87,81,18,24,0.007219886463982592,0.8936810370351995,0.9009009234991822,2.5223527156228616,4.61333552330201,2.9863259186612936,16.64955936278624,0.8242900176949779,0.23729658050264804,0,hypothetical_simulation_output
68,treatment_capacity_20,87,89,16,14,0.007219886463982592,0.09101973147757145,0.09823961794155404,0.4235477839842141,3.810674217744382,0.3561186150381334,14.862178023218698,0.7015733123587633,0.23729658050264804,0,hypothetical_simulation_output
68,triage_capacity_3,87,81,18,24,0.0012125583966065868,0.9028769376545737,0.9040894960511802,2.525820080056639,4.616524095854008,2.998341218919794,16.664146206349482,0.8244507391515242,0.1581977203350987,0,hypothetical_simulation_output
68,boarding_duration_half,87,89,12,10,0.007219886463982592,0.1902649057870848,0.19748479225106738,0.7386029425147459,3.1394552852397344,0.7158823719101193,12.235935818357262,0.6903412678401155,0.23729658050264804,0,hypothetical_simulation_output
68,treatment_duration_minus20pct,87,82,12,17,0.007219886463982592,0.38995508310749555,0.39717496957147813,1.2809916574805584,3.701492742401764,1.438670453079985,14.0203902006733,0.7566954116617515,0.23729658050264804,0,hypothetical_simulation_output
68,capacity_12_sensitivity,87,86,89,90,0.007219886463982592,20.213033157506906,20.220253043970885,24.193766386199208,23.932687643773715,65.31583748563285,77.79043064663816,1.0,0.23729658050264804,0,hypothetical_simulation_output
68,treatment_duration_plus25pct,87,84,26,29,0.007219886463982592,1.7572771103715537,1.7644969968355362,4.351129725865121,5.987077630354038,5.6454473561418546,21.315790939772235,0.9497344014140676,0.23729658050264804,0,hypothetical_simulation_output
68,boarding_duration_plus50pct,87,88,41,40,0.007219886463982592,5.085388626781629,5.092608513245613,8.361454369401976,9.575507219862601,17.45441242798774,33.92900558899304,1.0,0.23729658050264804,0,hypothetical_simulation_output
68,arrival_multiplier_0.8,87,80,7,14,0.002826107342480557,0.1004304698824598,0.10325657722494035,0.4026187773506649,3.654636182953841,0.37430509244040877,11.849655004727188,0.6893245496253814,0.2230785591403374,0,hypothetical_simulation_output
68,arrival_multiplier_1.2,123,94,13,42,0.010490515384993028,2.195179414850083,2.205669930235076,4.7674025819716634,5.698375767857231,8.695299614242224,23.530070944346793,0.8823083122238365,0.3589191672615926,0,hypothetical_simulation_output
69,baseline,114,122,30,22,0.004700699124571989,0.5434789985452345,0.5481796976698065,1.6119328138886517,3.6685276062875602,3.3165495755171803,18.650737150468913,0.9197704026664257,0.30893056614446124,0,hypothetical_simulation_output
69,treatment_capacity_20,114,111,12,15,0.004700699124571989,0.049256968235115155,0.05395766735968715,0.10907337065085031,3.174305575977441,0.25629891995851395,14.28973899269254,0.670778947022255,0.30893056614446124,0,hypothetical_simulation_output
69,triage_capacity_3,114,123,31,22,0.00024342203799128064,0.5456468578968614,0.5458902799348526,1.5614341237869866,3.6662381885526063,3.3030123042795374,18.63092521180945,0.9193782359525619,0.20595371076297417,0,hypothetical_simulation_output
69,boarding_duration_half,114,112,12,14,0.004700699124571989,0.05733687834469947,0.06203757746927146,0.25397463743967424,2.626806562342084,0.2946784929790394,11.987367867599259,0.6921767651457061,0.30893056614446124,0,hypothetical_simulation_output
69,treatment_duration_minus20pct,114,111,14,17,0.004700699124571989,0.12606007278585016,0.13076077191042215,0.5991039478693132,2.8753166039075535,0.6204100750152115,13.292446257556454,0.7533859406407699,0.30893056614446124,0,hypothetical_simulation_output
69,capacity_12_sensitivity,114,98,59,75,0.004700699124571989,11.730052473698086,11.734753172822657,15.487314922157518,14.855101081440413,48.12118354674243,60.73904467903136,1.0,0.30893056614446124,0,hypothetical_simulation_output
69,treatment_duration_plus25pct,114,116,41,39,0.004700699124571989,3.624948133648197,3.629648832772769,5.622947490840883,7.219736837166297,17.729778033168625,34.347639165457544,1.0,0.30893056614446124,0,hypothetical_simulation_output
69,boarding_duration_plus50pct,114,116,44,42,0.004700699124571989,4.750681611547186,4.7553823106717585,6.890715446327713,8.431309143034452,22.6259045732283,39.24376570551722,1.0,0.30893056614446124,0,hypothetical_simulation_output
69,arrival_multiplier_0.8,81,86,10,5,0.0012659373453804035,0.0010005276987629028,0.0022664650441433063,0.0,3.040619073189428,0.007649319523983659,11.01247945631016,0.6602390458080273,0.22050270192886914,0,hypothetical_simulation_output
69,arrival_multiplier_1.2,110,119,45,36,0.011764773519671094,2.532417816715002,2.544182590234673,4.790013855503247,5.961104614006022,13.238395234903201,29.86947411223747,1.0,0.31553943866713396,0,hypothetical_simulation_output
70,baseline,89,93,18,14,0.004506251657642032,0.13172812028697056,0.13623437194461258,0.4717828120475872,3.671982636818787,0.5208582465316441,15.096842355773191,0.8806033757752635,0.2431650484186664,0,hypothetical_simulation_output
70,treatment_capacity_20,89,89,14,14,0.004506251657642032,0.0,0.004506251657642032,0.0,3.540254516531816,0.016710683230422536,14.138671123621947,0.6817815171777096,0.2431650484186664,0,hypothetical_simulation_output
70,triage_capacity_3,89,93,18,14,0.00036741956648775364,0.12354415509832514,0.1239115746648129,0.40844771448308287,3.659659839538987,0.47471287406240137,15.047785697159767,0.880421420391252,0.16211003227911094,0,hypothetical_simulation_output
70,boarding_duration_half,89,88,9,10,0.004506251657642032,0.0,0.004506251657642032,0.0,2.7758758467413203,0.016710683230422536,11.446784922371032,0.6839840088939547,0.2431650484186664,0,hypothetical_simulation_output
70,treatment_duration_minus20pct,89,90,12,11,0.004506251657642032,0.014143799033772384,0.018650050691414417,0.01948851719532743,3.1792009602200713,0.06916060464732847,12.669132259272976,0.7571025973617697,0.2431650484186664,0,hypothetical_simulation_output
70,capacity_12_sensitivity,89,95,104,98,0.004506251657642032,24.842571227776947,24.847077479434585,25.878840138063556,28.382825744308754,86.56626009735011,99.05259019418746,1.0,0.2431650484186664,0,hypothetical_simulation_output
70,treatment_duration_plus25pct,89,95,38,32,0.004506251657642032,4.560887728731956,4.565393980389596,5.459390896115389,8.57013893944567,18.080947791796316,34.56727788863365,1.0,0.2431650484186664,0,hypothetical_simulation_output
70,boarding_duration_plus50pct,89,93,52,48,0.004506251657642032,8.022446726110385,8.026952977768026,9.07333472997342,12.327079912432698,30.75204536460563,47.23837546144296,1.0,0.2431650484186664,0,hypothetical_simulation_output
70,arrival_multiplier_0.8,97,91,16,22,0.007614454695079969,1.1742579692309605,1.1818724239260405,2.414912589107519,4.747428811363461,4.731695279146778,18.080445007874456,0.8006569538482644,0.2691192335777212,0,hypothetical_simulation_output
70,arrival_multiplier_1.2,104,118,47,33,0.008390287969124444,2.821541144701104,2.8299314326702283,4.411163742732418,6.165943384718877,14.717592466308275,31.286678772257194,1.0,0.28454315297446087,0,hypothetical_simulation_output
71,baseline,94,86,8,16,0.007018550728619622,0.2376192220654985,0.2446377727941181,0.853600659725558,3.541696458824169,0.958164610110296,14.1844984132087,0.7959369057396156,0.2456716556322783,0,hypothetical_simulation_output
71,treatment_capacity_20,94,91,8,11,0.007018550728619622,0.007251645403441296,0.014270196132060918,0.05142470657264655,3.311328882162112,0.0558916015172386,13.655189214412852,0.655397715081553,0.2456716556322783,0,hypothetical_simulation_output
71,triage_capacity_3,94,86,8,16,3.890770299167488e-05,0.24154654216348545,0.24158544986647712,0.8276697497494525,3.5386441358965284,0.9462096786437021,14.176284856111826,0.7961707416377234,0.1637811037548522,0,hypothetical_simulation_output
71,boarding_duration_half,94,92,6,8,0.007018550728619622,0.01800935748079722,0.025027908209416846,0.05355518781431105,2.7160952312311872,0.09802597382021598,11.268559667384721,0.6674493988937465,0.2456716556322783,0,hypothetical_simulation_output
71,treatment_duration_minus20pct,94,90,6,10,0.007018550728619622,0.059718337947361866,0.06673688867598149,0.27490812224943967,2.97186622313211,0.26138614731426085,12.272855264919679,0.720007862896304,0.2456716556322783,0,hypothetical_simulation_output
71,capacity_12_sensitivity,94,100,101,95,0.007018550728619622,21.05123503355603,21.058253584284653,24.117358116371893,24.355312270314702,77.18346339186196,89.67480670312654,1.0,0.2456716556322783,0,hypothetical_simulation_output
71,treatment_duration_plus25pct,94,76,8,26,0.007018550728619622,1.0092547385669606,1.0162732892955804,2.6357744888497763,4.803243664793038,3.541706569554601,17.497292747835004,0.8415151791884906,0.2456716556322783,0,hypothetical_simulation_output
71,boarding_duration_plus50pct,94,88,24,30,0.007018550728619622,1.7670005245222917,1.7740190752509115,3.836100229183015,5.677069124289245,6.4274742317403595,22.250516172581257,0.9582311643485211,0.2456716556322783,0,hypothetical_simulation_output
71,arrival_multiplier_0.8,73,70,6,9,0.009408639079425742,0.4821020046630369,0.4915106437424626,1.4887197693224323,4.134028602458356,1.4950115413833238,12.879598093159458,0.6857695142399848,0.2061371619681888,0,hypothetical_simulation_output
71,arrival_multiplier_1.2,122,128,51,45,0.011358438186060086,4.732660295940077,4.744018734126137,6.360137931464132,8.159696217799253,24.95522474397096,41.62205941840141,1.0,0.33341733721522476,0,hypothetical_simulation_output
72,baseline,87,105,27,9,0.00630001876786491,0.3684555282057294,0.3747555469735943,1.0573944126671397,3.7923611601329466,1.7857406416245982,15.533451939462829,0.8297490565088771,0.23586319684810184,0,hypothetical_simulation_output
72,treatment_capacity_20,87,92,14,9,0.00630001876786491,0.005947707992987063,0.012247726760851974,0.03638873158028562,3.4298533399202036,0.0443980095080884,12.410535400234716,0.5947205498515215,0.23586319684810184,0,hypothetical_simulation_output
72,triage_capacity_3,87,105,27,9,0.0006254936355520547,0.3637232258952297,0.3643487195307818,0.9665495091175056,3.781954332690134,1.756140539287556,15.508792571764,0.8300578524237654,0.15724213123206787,0,hypothetical_simulation_output
72,boarding_duration_half,87,92,12,7,0.00630001876786491,0.019753598868363566,0.026053617636228477,0.06572484369661999,2.7856822971781185,0.09444436393132823,9.848764158361169,0.5801620875458523,0.23586319684810184,0,hypothetical_simulation_output
72,treatment_duration_minus20pct,87,95,17,9,0.00630001876786491,0.05961668540698124,0.06591670417484616,0.3102191095077445,3.0894539726587418,0.24564057978351292,11.5924880566187,0.6796950676961867,0.23586319684810184,0,hypothetical_simulation_output
72,capacity_12_sensitivity,87,88,99,98,0.00630001876786491,22.544225770733593,22.55052578950146,24.057218616653405,25.96813140266081,82.78682811412543,95.25855450782164,1.0,0.23586319684810184,0,hypothetical_simulation_output
72,treatment_duration_plus25pct,87,107,43,23,0.00630001876786491,2.7021914245811303,2.708491443348995,3.918719761147253,6.618682487352664,12.767822937746308,29.239549331442504,1.0,0.23586319684810184,0,hypothetical_simulation_output
72,boarding_duration_plus50pct,87,92,56,51,0.00630001876786491,8.543783707311801,8.550083726079666,9.844895497922499,12.625666272856483,34.36579837274071,50.83752476643691,1.0,0.23586319684810184,0,hypothetical_simulation_output
72,arrival_multiplier_0.8,65,69,12,8,0.001699154213976219,0.006595456970333439,0.008294611184309658,0.0,3.456235032856628,0.022464571957505324,10.128013079972119,0.6092659036941385,0.17864702445419903,0,hypothetical_simulation_output
72,arrival_multiplier_1.2,116,120,48,44,0.012681213613821431,4.463158886775711,4.475840100389532,5.460112435792112,7.719965123444611,23.549587554562223,40.19342178302298,1.0,0.32191711423038133,0,hypothetical_simulation_output
73,baseline,82,86,13,9,0.004763604696144168,0.13384623612503996,0.13860984082118413,0.5220141482041305,3.416936807387575,0.4735836228057124,12.413073382615062,0.7184468572742061,0.22217002171102548,0,hypothetical_simulation_output
73,treatment_capacity_20,82,85,12,9,0.004763604696144168,0.0010036995073866221,0.00576730420353079,0.0,3.2840942707699217,0.019704956028730198,11.797505809513531,0.5666730405031376,0.22217002171102548,0,hypothetical_simulation_output
73,triage_capacity_3,82,86,13,9,0.0,0.13490882982806549,0.13490882982806549,0.5220141482041305,3.413235796394457,0.4609385019125571,12.393770746537077,0.7180307625751542,0.1481133478073503,0,hypothetical_simulation_output
73,boarding_duration_half,82,86,8,4,0.004763604696144168,0.05683840969860394,0.061602014394748106,0.27648403345914424,2.818269822014685,0.21047354918205605,9.922012474352071,0.5791999301092478,0.22217002171102548,0,hypothetical_simulation_output
73,treatment_duration_minus20pct,82,85,11,8,0.004763604696144168,0.013428739712010822,0.018192344408154988,0.06015178157057059,2.875527730123093,0.06215717672786288,10.340118470040471,0.6146013281181598,0.22217002171102548,0,hypothetical_simulation_output
73,capacity_12_sensitivity,82,89,95,88,0.004763604696144168,20.274317510739827,20.27908111543597,21.572523515884075,23.55740808200236,77.37472254563882,89.81906258906088,1.0,0.22217002171102548,0,hypothetical_simulation_output
73,treatment_duration_plus25pct,82,95,30,17,0.004763604696144168,0.848662248346575,0.8534258530427192,1.6507318896672816,4.657992295673429,3.8029564146179595,19.115412519868993,0.9292572538643112,0.22217002171102548,0,hypothetical_simulation_output
73,boarding_duration_plus50pct,82,101,41,22,0.004763604696144168,2.5793261454994196,2.5840897501955635,3.3717232222210134,6.38407587570841,12.033098124990723,28.477438168412775,1.0,0.22217002171102548,0,hypothetical_simulation_output
73,arrival_multiplier_0.8,70,65,8,13,0.006091202941228094,0.017710608936050677,0.02380181187727877,0.07294021422232504,3.5876358431664435,0.06942195130872975,9.921182764562221,0.5909885531073981,0.19797198176756167,0,hypothetical_simulation_output
73,arrival_multiplier_1.2,103,110,34,27,0.013425262355431728,1.5051209444248188,1.5185462067802507,3.0921331411249864,4.928874757836291,7.947373717628366,24.25174592828053,0.9836791346513909,0.2827530281149559,0,hypothetical_simulation_output
74,baseline,114,95,9,28,0.008437155461244447,0.7860421645183249,0.7944793199795693,2.56689484491082,4.377922784645073,2.99915787298986,17.542827899692696,0.8698703980537026,0.3128718289217976,0,hypothetical_simulation_output
74,treatment_capacity_20,114,100,8,22,0.008437155461244447,0.10551416311114199,0.11395131857238644,0.45021551593747805,3.6973947832378906,0.5169332376099097,16.091624531152892,0.7474473817849694,0.3128718289217976,0,hypothetical_simulation_output
74,triage_capacity_3,114,96,9,27,0.0005648972347502055,0.7756128560687362,0.7761777533034864,2.462622099367863,4.35962121796899,2.953128150211601,17.497323204242015,0.8698774992673753,0.2087183552508019,0,hypothetical_simulation_output
74,boarding_duration_half,114,100,4,18,0.008437155461244447,0.2103230882450884,0.21876024370633287,0.9402768969996146,3.1011716865020067,1.0312373593284423,13.729401024848244,0.7545262504797628,0.3128718289217976,0,hypothetical_simulation_output
74,treatment_duration_minus20pct,114,99,8,23,0.008437155461244447,0.28446082554632657,0.292897981007571,1.1076537423401478,3.466429985309061,1.226026635167899,14.673874707094875,0.8013815258802112,0.3128718289217976,0,hypothetical_simulation_output
74,capacity_12_sensitivity,114,87,42,69,0.008437155461244447,11.5615968881026,11.570034043563846,17.057119258304144,15.153477508229347,38.64669183768226,51.27243549552585,1.0,0.3128718289217976,0,hypothetical_simulation_output
74,treatment_duration_plus25pct,114,95,19,38,0.008437155461244447,2.1492832813445406,2.1577204368057847,5.476134419356237,6.253553226926309,7.330548200971905,23.079602903907045,0.9452069403182213,0.3128718289217976,0,hypothetical_simulation_output
74,boarding_duration_plus50pct,114,95,26,45,0.008437155461244447,3.7009806345495164,3.7094177900107614,7.160037399499444,7.993893276546097,13.639371792028612,30.265115449872194,1.0,0.3128718289217976,0,hypothetical_simulation_output
74,arrival_multiplier_0.8,71,68,11,14,0.004983201963122377,0.0,0.004983201963122377,0.020577528084089636,3.481861097985137,0.01474197247423703,10.39417686633161,0.6247205859930144,0.19195275898457176,0,hypothetical_simulation_output
74,arrival_multiplier_1.2,126,104,47,69,0.011670045445332978,8.068394757653376,8.080064803098711,9.945379043500083,11.573420174864602,37.19934941647073,53.87551948583549,1.0,0.33808503468237916,0,hypothetical_simulation_output
75,baseline,97,127,40,10,0.002022983583002214,0.6232989600829122,0.6253219436659144,1.3206760241918523,3.7090214303630384,4.7464650830313815,21.023971603062186,0.9838241227117711,0.2681602783212333,0,hypothetical_simulation_output
75,treatment_capacity_20,97,113,26,10,0.002022983583002214,0.0021607741625848456,0.00418375774558706,0.0,3.0878832444427107,0.13581295571060656,14.495975604269253,0.691192104595809,0.2681602783212333,0,hypothetical_simulation_output
75,triage_capacity_3,97,127,40,10,0.0,0.6178926917452686,0.6178926917452686,1.3090556702167484,3.701592178442392,4.7537513671190625,21.026708246082407,0.9835397701450548,0.17877351888082219,0,hypothetical_simulation_output
75,boarding_duration_half,97,112,23,8,0.002022983583002214,0.021455279232909984,0.0234782628159122,0.036301922521335,2.61816232466042,0.2865280182328635,12.687288087893108,0.741527469563611,0.2681602783212333,0,hypothetical_simulation_output
75,treatment_duration_minus20pct,97,120,30,7,0.002022983583002214,0.057253167085513125,0.05927615066851534,0.18151013658911683,2.748381483904208,0.8595428249837399,13.971935077153056,0.7860044809704281,0.2681602783212333,0,hypothetical_simulation_output
75,capacity_12_sensitivity,97,77,116,136,0.002022983583002214,30.040522951859934,30.042545935442934,31.664973435141597,33.12624542214006,105.91112961890771,118.4474501755502,1.0,0.2681602783212333,0,hypothetical_simulation_output
75,treatment_duration_plus25pct,97,105,45,37,0.002022983583002214,4.988843455073165,4.990866438656168,5.936631773324757,8.567808617180082,22.940452489803615,39.47677304644608,1.0,0.2681602783212333,0,hypothetical_simulation_output
75,boarding_duration_plus50pct,97,97,55,55,0.002022983583002214,8.72279904193295,8.724822025515952,9.703841823567013,12.29753693706569,38.96734162784509,55.50366218448755,1.0,0.2681602783212333,0,hypothetical_simulation_output
75,arrival_multiplier_0.8,78,71,8,15,0.007662605408058836,0.028613158073652993,0.03627576348171183,0.1002277281516114,3.3264698748573585,0.11789623131556344,10.680079806892502,0.6328496230723543,0.2182948032096359,0,hypothetical_simulation_output
75,arrival_multiplier_1.2,106,114,49,41,0.005493370551600636,5.5664917669808816,5.571985137532482,6.793166028924034,8.694996662062447,27.90444253956896,44.508700260006094,1.0,0.30212886021856633,0,hypothetical_simulation_output
76,baseline,112,100,14,26,0.0114135465198592,0.6698913193997645,0.6813048659196238,1.9991899508125814,3.624122765428914,2.640419663197941,14.755457319666517,0.7199213695516123,0.2981478718213886,0,hypothetical_simulation_output
76,treatment_capacity_20,112,105,14,21,0.0114135465198592,0.10675578440672773,0.11816933092658692,0.4319995600367833,3.0609872304358774,0.5376270005016875,13.520485789644164,0.6193281522749848,0.2981478718213886,0,hypothetical_simulation_output
76,triage_capacity_3,112,100,14,26,0.002556324152410535,0.6626313290186445,0.6651876531710551,1.9722845893640284,3.6080055526803454,2.592642632498311,14.723773649021082,0.7209272045549996,0.19876524788092573,0,hypothetical_simulation_output
76,boarding_duration_half,112,106,11,17,0.0114135465198592,0.11056718882672989,0.12198073534658908,0.4547360325238886,2.5020459357157776,0.5590286524643986,11.010988314297824,0.6159789948869154,0.2981478718213886,0,hypothetical_simulation_output
76,treatment_duration_minus20pct,112,104,12,20,0.0114135465198592,0.3021890597260258,0.313602606245885,0.9754890242985937,2.9186871475679927,1.2946971917401733,12.60915127883572,0.6698848964657982,0.2981478718213886,0,hypothetical_simulation_output
76,capacity_12_sensitivity,112,105,78,85,0.0114135465198592,14.258522334968417,14.269935881488278,17.564147142795463,17.212753780997566,59.753665802230124,72.3499615458729,1.0,0.2981478718213886,0,hypothetical_simulation_output
76,treatment_duration_plus25pct,112,94,17,35,0.0114135465198592,1.3997170396186782,1.4111305861385373,3.9037243938424306,4.776115183381803,4.8432128794651055,17.887281591087998,0.777985810498757,0.2981478718213886,0,hypothetical_simulation_output
76,boarding_duration_plus50pct,112,107,33,38,0.0114135465198592,2.0055564873563756,2.016970033876235,4.494907935561196,5.522540632525626,8.39927454331402,24.53349321365673,0.9711201829187456,0.2981478718213886,0,hypothetical_simulation_output
76,arrival_multiplier_0.8,78,76,7,9,0.0043902078006633856,0.004478796058025891,0.008869003858689276,0.003840581486235769,3.1857218619687067,0.028824262540740147,10.346676782541921,0.6183985284951563,0.2117380320393399,0,hypothetical_simulation_output
76,arrival_multiplier_1.2,122,97,25,50,0.016165728985188775,3.7152631411502144,3.731428870135403,7.272257517591697,7.629286793944035,13.997888681924346,29.59354607174011,0.9342207658692474,0.32406256795390576,0,hypothetical_simulation_output
77,baseline,85,86,10,9,0.006645761678995608,0.18230623333904766,0.18895199501804327,0.7889847958404062,3.729088937135953,0.6692049823555699,14.00070719503635,0.8044247572755973,0.23035304813561316,0,hypothetical_simulation_output
77,treatment_capacity_20,85,86,10,9,0.006645761678995608,0.016434610300667802,0.023080371979663408,0.05710271626754209,3.5632173140975723,0.08174298409464124,13.440495801354603,0.6449023360494368,0.23035304813561316,0,hypothetical_simulation_output
77,triage_capacity_3,85,86,10,9,0.0013462923715160421,0.18481843753957905,0.18616472991109512,0.7925425419191243,3.726301672029003,0.6593334184351285,13.97968844554306,0.803728058177294,0.15356869875707543,0,hypothetical_simulation_output
77,boarding_duration_half,85,86,9,8,0.006645761678995608,0.0648073610629845,0.0714531227419801,0.3992033981843311,2.9841448924989527,0.2530631430445129,11.17358919510468,0.6537387472368089,0.23035304813561316,0,hypothetical_simulation_output
77,treatment_duration_minus20pct,85,88,10,7,0.006645761678995608,0.03657920426351679,0.0432249659425124,0.17038527986355256,3.152561204802733,0.15308842104639808,11.948178793990161,0.7083990172920336,0.23035304813561316,0,hypothetical_simulation_output
77,capacity_12_sensitivity,85,89,60,56,0.006645761678995608,11.843168860722182,11.849814622401176,13.932212685814454,15.389951564519087,40.47098999473722,52.931696091008455,1.0,0.23035304813561316,0,hypothetical_simulation_output
77,treatment_duration_plus25pct,85,79,11,17,0.006645761678995608,0.6980449368012216,0.7046906984802173,1.9605474978910877,4.7833285196702375,2.4931195505927817,17.277577882888476,0.8952345147515294,0.23035304813561316,0,hypothetical_simulation_output
77,boarding_duration_plus50pct,85,77,12,20,0.006645761678995608,1.0703267474440494,1.076972509123045,2.2907074327617645,5.244554623601891,3.741714307054528,18.56717801441201,0.897797350692891,0.23035304813561316,0,hypothetical_simulation_output
77,arrival_multiplier_0.8,71,64,10,17,0.005999277026940179,0.0401175233994737,0.046116800426413876,0.06109563544779917,4.087952595793116,0.11402873465168284,11.375954461814736,0.6781553268548214,0.20572024874295516,0,hypothetical_simulation_output
77,arrival_multiplier_1.2,124,112,38,50,0.014066063706145368,4.710046276878369,4.724112340584514,6.679460315297561,7.981769956925348,22.11748197253652,38.81545954657262,1.0,0.34898878701804864,0,hypothetical_simulation_output
78,baseline,99,95,9,13,0.00491270156540124,0.07917277434462115,0.0840854759100224,0.3106719362639695,2.9091062232762317,0.3468525881288424,12.289531115905975,0.7131278934202067,0.2663161165269135,0,hypothetical_simulation_output
78,treatment_capacity_20,99,95,9,13,0.00491270156540124,0.0,0.00491270156540124,0.0003618432108510257,2.82993344893161,0.020264893957280112,11.976349774252936,0.5711726323620916,0.2663161165269135,0,hypothetical_simulation_output
78,triage_capacity_3,99,95,9,13,0.0001066620360547583,0.07656194336012612,0.07666860539618087,0.24717307363191038,2.9016893527623897,0.3162579972592461,12.259583432332422,0.7131683251262094,0.177544077684609,0,hypothetical_simulation_output
78,boarding_duration_half,99,97,7,9,0.00491270156540124,0.01181177925524356,0.0167244808206448,0.040679948966538884,2.3166048380037405,0.0689884833851598,9.555450737952203,0.559614376344576,0.2663161165269135,0,hypothetical_simulation_output
78,treatment_duration_minus20pct,99,95,8,12,0.00491270156540124,0.016844023531865905,0.021756725097267143,0.0721863899750247,2.517654072181242,0.08974649102622696,10.736071819302401,0.6321058184513967,0.2663161165269135,0,hypothetical_simulation_output
78,capacity_12_sensitivity,99,89,66,76,0.00491270156540124,12.8112633505786,12.816176052144,14.101834756586305,15.641196799510208,50.496211697505935,63.02884393055975,1.0,0.2663161165269135,0,hypothetical_simulation_output
78,treatment_duration_plus25pct,99,96,12,15,0.00491270156540124,0.39688317537410045,0.4017958769395017,1.0055116305743355,3.6382208746585047,1.6574079923754443,15.129903609231725,0.8087414614876535,0.2663161165269135,0,hypothetical_simulation_output
78,boarding_duration_plus50pct,99,97,13,15,0.00491270156540124,0.8797347269932991,0.8846474285587004,1.8020945818544192,4.234808566108024,3.649170642804639,17.575199730864778,0.8370873034378944,0.2663161165269135,0,hypothetical_simulation_output
78,arrival_multiplier_0.8,61,58,7,10,0.0015759969126596858,0.0,0.0015759969126596858,0.0,3.851820931833383,0.004005658819676701,8.428042558598149,0.5051549884796442,0.17077854205208176,0,hypothetical_simulation_output
78,arrival_multiplier_1.2,112,116,25,21,0.007615899991032039,1.1582914936021325,1.1659073935931645,2.1350773370341587,4.474959196976152,5.605328272902771,21.750124754436538,0.9712736372709042,0.30220914259964715,0,hypothetical_simulation_output
79,baseline,83,84,12,11,0.015887281469878327,0.07857862604795085,0.09446590751782918,0.30968828181689745,3.7085424669244085,0.3266945968324926,12.740945420962433,0.7474194702732676,0.22776964987882842,0,hypothetical_simulation_output
79,treatment_capacity_20,83,82,9,10,0.015887281469878327,0.0,0.015887281469878327,0.07768521655024756,3.6299638408764574,0.05494351508332921,12.245503020678159,0.5867510102918586,0.22776964987882842,0,hypothetical_simulation_output
79,triage_capacity_3,83,84,12,11,0.0035320426783013075,0.07949694452542962,0.08302898720373093,0.30968828181689745,3.6971055466103104,0.28714191407956946,12.703849485877583,0.7475730170025221,0.1518464332525523,0,hypothetical_simulation_output
79,boarding_duration_half,83,81,6,8,0.015887281469878327,0.003316071281992403,0.01920335275187073,0.07829795882710755,2.9019980863422234,0.06641159493355293,9.954517103495027,0.5895353880502385,0.22776964987882842,0,hypothetical_simulation_output
79,treatment_duration_minus20pct,83,81,7,9,0.015887281469878327,0.026269748681890033,0.04215703015176836,0.1159716433677544,3.252499925929221,0.1457930626081989,11.0081288624274,0.6504247812538467,0.22776964987882842,0,hypothetical_simulation_output
79,capacity_12_sensitivity,83,88,68,63,0.015887281469878327,13.057084251979653,13.07297153344953,15.059940792875295,16.687048092856106,47.051626995496434,59.5071662952541,1.0,0.22776964987882842,0,hypothetical_simulation_output
79,treatment_duration_plus25pct,83,86,21,18,0.015887281469878327,0.48631825163097236,0.5022055331008507,1.2788473252537416,4.620949172043839,1.9354181908526857,16.923431927739482,0.9082796523205711,0.22776964987882842,0,hypothetical_simulation_output
79,boarding_duration_plus50pct,83,90,25,18,0.015887281469878327,0.5572037102608675,0.5730909917307457,1.2910390526287756,4.918449376953552,2.16352832727542,17.601012007480808,0.9363715237779832,0.22776964987882842,0,hypothetical_simulation_output
79,arrival_multiplier_0.8,66,65,11,12,0.004959136493310421,0.00822562794632311,0.01318476443963353,0.025737434058413555,3.35743203026999,0.036258102208992206,9.584640687440087,0.5735949793882753,0.18543145750934484,0,hypothetical_simulation_output
79,arrival_multiplier_1.2,105,111,30,24,0.005818717142251931,1.1261238003998242,1.131942517542076,2.025562290468031,4.642250293979848,5.266466036288264,20.932101536907066,0.9407247644551114,0.3070196346685101,0,hypothetical_simulation_output
